斥,备焙,谰搁悼,夸老,岿,林吝/林富,乞闭 蜡悼牢备
2019,吝备,巢器悼,老,2,林富,"39,278"
2019,吝备,巢器悼,岿,2,林吝,"30,755"
2019,吝备,巢器悼,拳,2,林吝,"27,535"
2019,吝备,巢器悼,荐,2,林吝,"30,494"
2019,吝备,巢器悼,格,2,林吝,"28,789"
2019,吝备,巢器悼,陛,2,林吝,"28,163"
2019,吝备,巢器悼,配,2,林富,"39,583"
2019,何魂柳备,何傈力1悼,老,2,林富,"66,314"
2019,何魂柳备,何傈力1悼,岿,2,林吝,"60,716"
2019,何魂柳备,何傈力1悼,拳,2,林吝,"57,976"
2019,何魂柳备,何傈力1悼,荐,2,林吝,"63,802"
2019,何魂柳备,何傈力1悼,格,2,林吝,"66,515"
2019,何魂柳备,何傈力1悼,陛,2,林吝,"67,755"
2019,何魂柳备,何傈力1悼,配,2,林富,"74,348"
2019,何魂柳备,何傈力2悼,老,2,林富,"99,785"
2019,何魂柳备,何傈力2悼,岿,2,林吝,"86,742"
2019,何魂柳备,何傈力2悼,拳,2,林吝,"84,715"
2019,何魂柳备,何傈力2悼,荐,2,林吝,"93,490"
2019,何魂柳备,何傈力2悼,格,2,林吝,"96,290"
2019,何魂柳备,何傈力2悼,陛,2,林吝,"98,403"
2019,何魂柳备,何傈力2悼,配,2,林富,"113,060"
2019,秦款措备,快力1悼,老,2,林富,"77,376"
2019,秦款措备,快力1悼,岿,2,林吝,"67,611"
2019,秦款措备,快力1悼,拳,2,林吝,"66,739"
2019,秦款措备,快力1悼,荐,2,林吝,"66,261"
2019,秦款措备,快力1悼,格,2,林吝,"65,609"
2019,秦款措备,快力1悼,陛,2,林吝,"64,126"
2019,秦款措备,快力1悼,配,2,林富,"74,101"
2019,秦款措备,快力2悼,老,2,林富,"103,338"
2019,秦款措备,快力2悼,岿,2,林吝,"79,625"
2019,秦款措备,快力2悼,拳,2,林吝,"80,680"
2019,秦款措备,快力2悼,荐,2,林吝,"81,543"
2019,秦款措备,快力2悼,格,2,林吝,"80,399"
2019,秦款措备,快力2悼,陛,2,林吝,"79,680"
2019,秦款措备,快力2悼,配,2,林富,"92,216"
2019,荤惑备,饱过悼,老,2,林富,"61,735"
2019,荤惑备,饱过悼,岿,2,林吝,"56,218"
2019,荤惑备,饱过悼,拳,2,林吝,"56,647"
2019,荤惑备,饱过悼,荐,2,林吝,"59,196"
2019,荤惑备,饱过悼,格,2,林吝,"58,107"
2019,荤惑备,饱过悼,陛,2,林吝,"57,921"
2019,荤惑备,饱过悼,配,2,林富,"63,617"
2019,吝备,巢器悼,老,1,林富,"38,379"
2019,吝备,巢器悼,岿,1,林吝,"28,550"
2019,吝备,巢器悼,拳,1,林吝,"31,491"
2019,吝备,巢器悼,荐,1,林吝,"28,873"
2019,吝备,巢器悼,格,1,林吝,"27,721"
2019,吝备,巢器悼,陛,1,林吝,"30,083"
2019,吝备,巢器悼,配,1,林富,"40,573"
2019,何魂柳备,何傈力1悼,老,1,林富,"61,635"
2019,何魂柳备,何傈力1悼,岿,1,林吝,"66,440"
2019,何魂柳备,何傈力1悼,拳,1,林吝,"64,193"
2019,何魂柳备,何傈力1悼,荐,1,林吝,"67,914"
2019,何魂柳备,何傈力1悼,格,1,林吝,"66,183"
2019,何魂柳备,何傈力1悼,陛,1,林吝,"68,497"
2019,何魂柳备,何傈力1悼,配,1,林富,"71,881"
2019,何魂柳备,何傈力2悼,老,1,林富,"90,743"
2019,何魂柳备,何傈力2悼,岿,1,林吝,"90,831"
2019,何魂柳备,何傈力2悼,拳,1,林吝,"91,076"
2019,何魂柳备,何傈力2悼,荐,1,林吝,"94,284"
2019,何魂柳备,何傈力2悼,格,1,林吝,"91,765"
2019,何魂柳备,何傈力2悼,陛,1,林吝,"96,954"
2019,何魂柳备,何傈力2悼,配,1,林富,"108,484"
2019,秦款措备,快力1悼,老,1,林富,"71,480"
2019,秦款措备,快力1悼,岿,1,林吝,"60,742"
2019,秦款措备,快力1悼,拳,1,林吝,"67,879"
2019,秦款措备,快力1悼,荐,1,林吝,"63,408"
2019,秦款措备,快力1悼,格,1,林吝,"61,956"
2019,秦款措备,快力1悼,陛,1,林吝,"63,657"
2019,秦款措备,快力1悼,配,1,林富,"71,825"
2019,秦款措备,快力2悼,老,1,林富,"97,039"
2019,秦款措备,快力2悼,岿,1,林吝,"76,475"
2019,秦款措备,快力2悼,拳,1,林吝,"83,676"
2019,秦款措备,快力2悼,荐,1,林吝,"80,144"
2019,秦款措备,快力2悼,格,1,林吝,"79,040"
2019,秦款措备,快力2悼,陛,1,林吝,"82,362"
2019,秦款措备,快力2悼,配,1,林富,"91,604"
2019,荤惑备,饱过悼,老,1,林富,"58,518"
2019,荤惑备,饱过悼,岿,1,林吝,"54,849"
2019,荤惑备,饱过悼,拳,1,林吝,"57,367"
2019,荤惑备,饱过悼,荐,1,林吝,"57,777"
2019,荤惑备,饱过悼,格,1,林吝,"55,664"
2019,荤惑备,饱过悼,陛,1,林吝,"57,483"
2019,荤惑备,饱过悼,配,1,林富,"60,993"
2018,吝备,巢器悼,老,1,林富,"36,215"
2018,吝备,巢器悼,老,2,林富,"33,729"
2018,吝备,巢器悼,老,3,林富,"32,688"
2018,吝备,巢器悼,老,4,林富,"30,447"
2018,吝备,巢器悼,老,5,林富,"32,158"
2018,吝备,巢器悼,老,6,林富,"29,108"
2018,吝备,巢器悼,老,7,林富,"28,836"
2018,吝备,巢器悼,老,8,林富,"34,066"
2018,吝备,巢器悼,老,9,林富,"37,470"
2018,吝备,巢器悼,老,10,林富,"41,581"
2018,吝备,巢器悼,老,11,林富,"40,372"
2018,吝备,巢器悼,老,12,林富,"40,287"
2018,吝备,巢器悼,岿,1,林吝,"27,085"
2018,吝备,巢器悼,岿,2,林吝,"26,377"
2018,吝备,巢器悼,岿,3,林吝,"24,884"
2018,吝备,巢器悼,岿,4,林吝,"23,770"
2018,吝备,巢器悼,岿,5,林吝,"25,766"
2018,吝备,巢器悼,岿,6,林吝,"22,458"
2018,吝备,巢器悼,岿,7,林吝,"22,851"
2018,吝备,巢器悼,岿,8,林吝,"26,771"
2018,吝备,巢器悼,岿,9,林吝,"27,161"
2018,吝备,巢器悼,岿,10,林吝,"27,961"
2018,吝备,巢器悼,岿,11,林吝,"27,440"
2018,吝备,巢器悼,岿,12,林吝,"30,533"
2018,吝备,巢器悼,拳,1,林吝,"26,465"
2018,吝备,巢器悼,拳,2,林吝,"26,468"
2018,吝备,巢器悼,拳,3,林吝,"25,569"
2018,吝备,巢器悼,拳,4,林吝,"23,308"
2018,吝备,巢器悼,拳,5,林吝,"24,831"
2018,吝备,巢器悼,拳,6,林吝,"22,436"
2018,吝备,巢器悼,拳,7,林吝,"21,887"
2018,吝备,巢器悼,拳,8,林吝,"26,861"
2018,吝备,巢器悼,拳,9,林吝,"31,498"
2018,吝备,巢器悼,拳,10,林吝,"28,429"
2018,吝备,巢器悼,拳,11,林吝,"26,584"
2018,吝备,巢器悼,拳,12,林吝,"32,865"
2018,吝备,巢器悼,荐,1,林吝,"26,227"
2018,吝备,巢器悼,荐,2,林吝,"25,929"
2018,吝备,巢器悼,荐,3,林吝,"25,252"
2018,吝备,巢器悼,荐,4,林吝,"23,912"
2018,吝备,巢器悼,荐,5,林吝,"23,156"
2018,吝备,巢器悼,荐,6,林吝,"24,468"
2018,吝备,巢器悼,荐,7,林吝,"22,293"
2018,吝备,巢器悼,荐,8,林吝,"28,233"
2018,吝备,巢器悼,荐,9,林吝,"29,448"
2018,吝备,巢器悼,荐,10,林吝,"28,848"
2018,吝备,巢器悼,荐,11,林吝,"27,416"
2018,吝备,巢器悼,荐,12,林吝,"27,541"
2018,吝备,巢器悼,格,1,林吝,"27,158"
2018,吝备,巢器悼,格,2,林吝,"27,026"
2018,吝备,巢器悼,格,3,林吝,"25,924"
2018,吝备,巢器悼,格,4,林吝,"24,087"
2018,吝备,巢器悼,格,5,林吝,"23,748"
2018,吝备,巢器悼,格,6,林吝,"22,077"
2018,吝备,巢器悼,格,7,林吝,"22,396"
2018,吝备,巢器悼,格,8,林吝,"26,834"
2018,吝备,巢器悼,格,9,林吝,"26,465"
2018,吝备,巢器悼,格,10,林吝,"28,177"
2018,吝备,巢器悼,格,11,林吝,"26,714"
2018,吝备,巢器悼,格,12,林吝,"26,633"
2018,吝备,巢器悼,陛,1,林吝,"27,843"
2018,吝备,巢器悼,陛,2,林吝,"26,215"
2018,吝备,巢器悼,陛,3,林吝,"26,632"
2018,吝备,巢器悼,陛,4,林吝,"25,032"
2018,吝备,巢器悼,陛,5,林吝,"24,814"
2018,吝备,巢器悼,陛,6,林吝,"23,501"
2018,吝备,巢器悼,陛,7,林吝,"23,257"
2018,吝备,巢器悼,陛,8,林吝,"29,136"
2018,吝备,巢器悼,陛,9,林吝,"26,824"
2018,吝备,巢器悼,陛,10,林吝,"29,208"
2018,吝备,巢器悼,陛,11,林吝,"29,946"
2018,吝备,巢器悼,陛,12,林吝,"28,830"
2018,吝备,巢器悼,配,1,林富,"37,105"
2018,吝备,巢器悼,配,2,林富,"35,665"
2018,吝备,巢器悼,配,3,林富,"34,360"
2018,吝备,巢器悼,配,4,林富,"31,925"
2018,吝备,巢器悼,配,5,林富,"33,750"
2018,吝备,巢器悼,配,6,林富,"29,930"
2018,吝备,巢器悼,配,7,林富,"29,874"
2018,吝备,巢器悼,配,8,林富,"36,257"
2018,吝备,巢器悼,配,9,林富,"36,706"
2018,吝备,巢器悼,配,10,林富,"40,241"
2018,吝备,巢器悼,配,11,林富,"42,296"
2018,吝备,巢器悼,配,12,林富,"41,345"
2018,何魂柳备,何傈力1悼,老,1,林富,"63,965"
2018,何魂柳备,何傈力1悼,老,2,林富,"64,316"
2018,何魂柳备,何傈力1悼,老,3,林富,"62,453"
2018,何魂柳备,何傈力1悼,老,4,林富,"57,976"
2018,何魂柳备,何傈力1悼,老,5,林富,"59,543"
2018,何魂柳备,何傈力1悼,老,6,林富,"58,210"
2018,何魂柳备,何傈力1悼,老,7,林富,"57,656"
2018,何魂柳备,何傈力1悼,老,8,林富,"58,873"
2018,何魂柳备,何傈力1悼,老,9,林富,"56,102"
2018,何魂柳备,何傈力1悼,老,10,林富,"57,191"
2018,何魂柳备,何傈力1悼,老,11,林富,"58,775"
2018,何魂柳备,何傈力1悼,老,12,林富,"58,709"
2018,何魂柳备,何傈力1悼,岿,1,林吝,"62,418"
2018,何魂柳备,何傈力1悼,岿,2,林吝,"67,635"
2018,何魂柳备,何傈力1悼,岿,3,林吝,"67,502"
2018,何魂柳备,何傈力1悼,岿,4,林吝,"64,451"
2018,何魂柳备,何傈力1悼,岿,5,林吝,"64,055"
2018,何魂柳备,何傈力1悼,岿,6,林吝,"64,375"
2018,何魂柳备,何傈力1悼,岿,7,林吝,"63,668"
2018,何魂柳备,何傈力1悼,岿,8,林吝,"64,989"
2018,何魂柳备,何傈力1悼,岿,9,林吝,"55,706"
2018,何魂柳备,何傈力1悼,岿,10,林吝,"62,754"
2018,何魂柳备,何傈力1悼,岿,11,林吝,"61,775"
2018,何魂柳备,何傈力1悼,岿,12,林吝,"60,772"
2018,何魂柳备,何傈力1悼,拳,1,林吝,"65,198"
2018,何魂柳备,何傈力1悼,拳,2,林吝,"67,353"
2018,何魂柳备,何傈力1悼,拳,3,林吝,"68,533"
2018,何魂柳备,何傈力1悼,拳,4,林吝,"64,694"
2018,何魂柳备,何傈力1悼,拳,5,林吝,"63,246"
2018,何魂柳备,何傈力1悼,拳,6,林吝,"64,807"
2018,何魂柳备,何傈力1悼,拳,7,林吝,"63,540"
2018,何魂柳备,何傈力1悼,拳,8,林吝,"65,739"
2018,何魂柳备,何傈力1悼,拳,9,林吝,"60,041"
2018,何魂柳备,何傈力1悼,拳,10,林吝,"62,419"
2018,何魂柳备,何傈力1悼,拳,11,林吝,"60,923"
2018,何魂柳备,何傈力1悼,拳,12,林吝,"59,098"
2018,何魂柳备,何傈力1悼,荐,1,林吝,"64,951"
2018,何魂柳备,何傈力1悼,荐,2,林吝,"67,112"
2018,何魂柳备,何傈力1悼,荐,3,林吝,"67,287"
2018,何魂柳备,何傈力1悼,荐,4,林吝,"64,537"
2018,何魂柳备,何傈力1悼,荐,5,林吝,"64,132"
2018,何魂柳备,何傈力1悼,荐,6,林吝,"61,808"
2018,何魂柳备,何傈力1悼,荐,7,林吝,"63,117"
2018,何魂柳备,何傈力1悼,荐,8,林吝,"63,521"
2018,何魂柳备,何傈力1悼,荐,9,林吝,"60,993"
2018,何魂柳备,何傈力1悼,荐,10,林吝,"61,357"
2018,何魂柳备,何傈力1悼,荐,11,林吝,"61,262"
2018,何魂柳备,何傈力1悼,荐,12,林吝,"57,480"
2018,何魂柳备,何傈力1悼,格,1,林吝,"64,498"
2018,何魂柳备,何傈力1悼,格,2,林吝,"64,021"
2018,何魂柳备,何傈力1悼,格,3,林吝,"66,850"
2018,何魂柳备,何傈力1悼,格,4,林吝,"65,715"
2018,何魂柳备,何傈力1悼,格,5,林吝,"64,292"
2018,何魂柳备,何傈力1悼,格,6,林吝,"64,391"
2018,何魂柳备,何傈力1悼,格,7,林吝,"63,182"
2018,何魂柳备,何傈力1悼,格,8,林吝,"65,293"
2018,何魂柳备,何傈力1悼,格,9,林吝,"62,268"
2018,何魂柳备,何傈力1悼,格,10,林吝,"62,536"
2018,何魂柳备,何傈力1悼,格,11,林吝,"61,393"
2018,何魂柳备,何傈力1悼,格,12,林吝,"58,245"
2018,何魂柳备,何傈力1悼,陛,1,林吝,"67,781"
2018,何魂柳备,何傈力1悼,陛,2,林吝,"62,139"
2018,何魂柳备,何傈力1悼,陛,3,林吝,"69,023"
2018,何魂柳备,何傈力1悼,陛,4,林吝,"66,808"
2018,何魂柳备,何傈力1悼,陛,5,林吝,"66,585"
2018,何魂柳备,何傈力1悼,陛,6,林吝,"66,475"
2018,何魂柳备,何傈力1悼,陛,7,林吝,"64,385"
2018,何魂柳备,何傈力1悼,陛,8,林吝,"67,365"
2018,何魂柳备,何傈力1悼,陛,9,林吝,"63,818"
2018,何魂柳备,何傈力1悼,陛,10,林吝,"63,682"
2018,何魂柳备,何傈力1悼,陛,11,林吝,"64,745"
2018,何魂柳备,何傈力1悼,陛,12,林吝,"62,385"
2018,何魂柳备,何傈力1悼,配,1,林富,"70,600"
2018,何魂柳备,何傈力1悼,配,2,林富,"69,132"
2018,何魂柳备,何傈力1悼,配,3,林富,"70,269"
2018,何魂柳备,何傈力1悼,配,4,林富,"67,684"
2018,何魂柳备,何傈力1悼,配,5,林富,"67,296"
2018,何魂柳备,何傈力1悼,配,6,林富,"66,453"
2018,何魂柳备,何傈力1悼,配,7,林富,"65,262"
2018,何魂柳备,何傈力1悼,配,8,林富,"66,356"
2018,何魂柳备,何傈力1悼,配,9,林富,"65,996"
2018,何魂柳备,何傈力1悼,配,10,林富,"64,939"
2018,何魂柳备,何傈力1悼,配,11,林富,"67,756"
2018,何魂柳备,何傈力1悼,配,12,林富,"65,773"
2018,何魂柳备,何傈力2悼,老,1,林富,"116,249"
2018,何魂柳备,何傈力2悼,老,2,林富,"124,166"
2018,何魂柳备,何傈力2悼,老,3,林富,"118,310"
2018,何魂柳备,何傈力2悼,老,4,林富,"102,480"
2018,何魂柳备,何傈力2悼,老,5,林富,"107,257"
2018,何魂柳备,何傈力2悼,老,6,林富,"99,621"
2018,何魂柳备,何傈力2悼,老,7,林富,"104,836"
2018,何魂柳备,何傈力2悼,老,8,林富,"111,165"
2018,何魂柳备,何傈力2悼,老,9,林富,"107,506"
2018,何魂柳备,何傈力2悼,老,10,林富,"103,621"
2018,何魂柳备,何傈力2悼,老,11,林富,"108,215"
2018,何魂柳备,何傈力2悼,老,12,林富,"104,269"
2018,何魂柳备,何傈力2悼,岿,1,林吝,"109,659"
2018,何魂柳备,何傈力2悼,岿,2,林吝,"120,407"
2018,何魂柳备,何傈力2悼,岿,3,林吝,"112,634"
2018,何魂柳备,何傈力2悼,岿,4,林吝,"112,562"
2018,何魂柳备,何傈力2悼,岿,5,林吝,"106,346"
2018,何魂柳备,何傈力2悼,岿,6,林吝,"98,539"
2018,何魂柳备,何傈力2悼,岿,7,林吝,"103,655"
2018,何魂柳备,何傈力2悼,岿,8,林吝,"108,337"
2018,何魂柳备,何傈力2悼,岿,9,林吝,"91,212"
2018,何魂柳备,何傈力2悼,岿,10,林吝,"97,999"
2018,何魂柳备,何傈力2悼,岿,11,林吝,"93,276"
2018,何魂柳备,何傈力2悼,岿,12,林吝,"93,733"
2018,何魂柳备,何傈力2悼,拳,1,林吝,"112,073"
2018,何魂柳备,何傈力2悼,拳,2,林吝,"118,909"
2018,何魂柳备,何傈力2悼,拳,3,林吝,"113,490"
2018,何魂柳备,何傈力2悼,拳,4,林吝,"101,815"
2018,何魂柳备,何傈力2悼,拳,5,林吝,"102,710"
2018,何魂柳备,何傈力2悼,拳,6,林吝,"100,049"
2018,何魂柳备,何傈力2悼,拳,7,林吝,"102,379"
2018,何魂柳备,何傈力2悼,拳,8,林吝,"110,589"
2018,何魂柳备,何傈力2悼,拳,9,林吝,"102,981"
2018,何魂柳备,何傈力2悼,拳,10,林吝,"98,851"
2018,何魂柳备,何傈力2悼,拳,11,林吝,"92,393"
2018,何魂柳备,何傈力2悼,拳,12,林吝,"93,372"
2018,何魂柳备,何傈力2悼,荐,1,林吝,"111,860"
2018,何魂柳备,何傈力2悼,荐,2,林吝,"119,735"
2018,何魂柳备,何傈力2悼,荐,3,林吝,"111,829"
2018,何魂柳备,何傈力2悼,荐,4,林吝,"102,638"
2018,何魂柳备,何傈力2悼,荐,5,林吝,"101,470"
2018,何魂柳备,何傈力2悼,荐,6,林吝,"99,966"
2018,何魂柳备,何傈力2悼,荐,7,林吝,"104,036"
2018,何魂柳备,何傈力2悼,荐,8,林吝,"109,568"
2018,何魂柳备,何傈力2悼,荐,9,林吝,"104,029"
2018,何魂柳备,何傈力2悼,荐,10,林吝,"97,575"
2018,何魂柳备,何傈力2悼,荐,11,林吝,"94,414"
2018,何魂柳备,何傈力2悼,荐,12,林吝,"89,558"
2018,何魂柳备,何傈力2悼,格,1,林吝,"113,141"
2018,何魂柳备,何傈力2悼,格,2,林吝,"113,914"
2018,何魂柳备,何傈力2悼,格,3,林吝,"114,656"
2018,何魂柳备,何傈力2悼,格,4,林吝,"106,030"
2018,何魂柳备,何傈力2悼,格,5,林吝,"102,928"
2018,何魂柳备,何傈力2悼,格,6,林吝,"99,715"
2018,何魂柳备,何傈力2悼,格,7,林吝,"104,530"
2018,何魂柳备,何傈力2悼,格,8,林吝,"109,427"
2018,何魂柳备,何傈力2悼,格,9,林吝,"101,287"
2018,何魂柳备,何傈力2悼,格,10,林吝,"97,172"
2018,何魂柳备,何傈力2悼,格,11,林吝,"95,375"
2018,何魂柳备,何傈力2悼,格,12,林吝,"90,200"
2018,何魂柳备,何傈力2悼,陛,1,林吝,"119,728"
2018,何魂柳备,何傈力2悼,陛,2,林吝,"111,474"
2018,何魂柳备,何傈力2悼,陛,3,林吝,"119,583"
2018,何魂柳备,何傈力2悼,陛,4,林吝,"112,437"
2018,何魂柳备,何傈力2悼,陛,5,林吝,"111,388"
2018,何魂柳备,何傈力2悼,陛,6,林吝,"106,348"
2018,何魂柳备,何傈力2悼,陛,7,林吝,"109,429"
2018,何魂柳备,何傈力2悼,陛,8,林吝,"117,225"
2018,何魂柳备,何傈力2悼,陛,9,林吝,"109,693"
2018,何魂柳备,何傈力2悼,陛,10,林吝,"104,459"
2018,何魂柳备,何傈力2悼,陛,11,林吝,"105,961"
2018,何魂柳备,何傈力2悼,陛,12,林吝,"100,790"
2018,何魂柳备,何傈力2悼,配,1,林富,"133,200"
2018,何魂柳备,何傈力2悼,配,2,林富,"134,647"
2018,何魂柳备,何傈力2悼,配,3,林富,"133,529"
2018,何魂柳备,何傈力2悼,配,4,林富,"121,837"
2018,何魂柳备,何傈力2悼,配,5,林富,"120,532"
2018,何魂柳备,何傈力2悼,配,6,林富,"114,524"
2018,何魂柳备,何傈力2悼,配,7,林富,"119,439"
2018,何魂柳备,何傈力2悼,配,8,林富,"125,886"
2018,何魂柳备,何傈力2悼,配,9,林富,"125,993"
2018,何魂柳备,何傈力2悼,配,10,林富,"119,850"
2018,何魂柳备,何傈力2悼,配,11,林富,"126,690"
2018,何魂柳备,何傈力2悼,配,12,林富,"117,796"
2018,秦款措备,快力1悼,老,1,林富,"59,641"
2018,秦款措备,快力1悼,老,2,林富,"62,469"
2018,秦款措备,快力1悼,老,3,林富,"63,275"
2018,秦款措备,快力1悼,老,4,林富,"66,646"
2018,秦款措备,快力1悼,老,5,林富,"77,054"
2018,秦款措备,快力1悼,老,6,林富,"71,222"
2018,秦款措备,快力1悼,老,7,林富,"73,847"
2018,秦款措备,快力1悼,老,8,林富,"75,093"
2018,秦款措备,快力1悼,老,9,林富,"64,829"
2018,秦款措备,快力1悼,老,10,林富,"64,793"
2018,秦款措备,快力1悼,老,11,林富,"64,178"
2018,秦款措备,快力1悼,老,12,林富,"73,214"
2018,秦款措备,快力1悼,岿,1,林吝,"52,498"
2018,秦款措备,快力1悼,岿,2,林吝,"54,408"
2018,秦款措备,快力1悼,岿,3,林吝,"51,680"
2018,秦款措备,快力1悼,岿,4,林吝,"55,805"
2018,秦款措备,快力1悼,岿,5,林吝,"63,541"
2018,秦款措备,快力1悼,岿,6,林吝,"59,471"
2018,秦款措备,快力1悼,岿,7,林吝,"63,372"
2018,秦款措备,快力1悼,岿,8,林吝,"63,241"
2018,秦款措备,快力1悼,岿,9,林吝,"54,490"
2018,秦款措备,快力1悼,岿,10,林吝,"55,189"
2018,秦款措备,快力1悼,岿,11,林吝,"53,795"
2018,秦款措备,快力1悼,岿,12,林吝,"61,185"
2018,秦款措备,快力1悼,拳,1,林吝,"50,054"
2018,秦款措备,快力1悼,拳,2,林吝,"54,219"
2018,秦款措备,快力1悼,拳,3,林吝,"51,407"
2018,秦款措备,快力1悼,拳,4,林吝,"54,817"
2018,秦款措备,快力1悼,拳,5,林吝,"61,299"
2018,秦款措备,快力1悼,拳,6,林吝,"59,288"
2018,秦款措备,快力1悼,拳,7,林吝,"63,081"
2018,秦款措备,快力1悼,拳,8,林吝,"63,285"
2018,秦款措备,快力1悼,拳,9,林吝,"56,766"
2018,秦款措备,快力1悼,拳,10,林吝,"55,180"
2018,秦款措备,快力1悼,拳,11,林吝,"53,245"
2018,秦款措备,快力1悼,拳,12,林吝,"60,892"
2018,秦款措备,快力1悼,荐,1,林吝,"49,327"
2018,秦款措备,快力1悼,荐,2,林吝,"52,827"
2018,秦款措备,快力1悼,荐,3,林吝,"51,867"
2018,秦款措备,快力1悼,荐,4,林吝,"55,093"
2018,秦款措备,快力1悼,荐,5,林吝,"57,484"
2018,秦款措备,快力1悼,荐,6,林吝,"62,536"
2018,秦款措备,快力1悼,荐,7,林吝,"60,903"
2018,秦款措备,快力1悼,荐,8,林吝,"65,048"
2018,秦款措备,快力1悼,荐,9,林吝,"55,788"
2018,秦款措备,快力1悼,荐,10,林吝,"56,464"
2018,秦款措备,快力1悼,荐,11,林吝,"53,025"
2018,秦款措备,快力1悼,荐,12,林吝,"58,709"
2018,秦款措备,快力1悼,格,1,林吝,"50,609"
2018,秦款措备,快力1悼,格,2,林吝,"54,215"
2018,秦款措备,快力1悼,格,3,林吝,"54,669"
2018,秦款措备,快力1悼,格,4,林吝,"56,482"
2018,秦款措备,快力1悼,格,5,林吝,"58,368"
2018,秦款措备,快力1悼,格,6,林吝,"60,691"
2018,秦款措备,快力1悼,格,7,林吝,"61,979"
2018,秦款措备,快力1悼,格,8,林吝,"65,314"
2018,秦款措备,快力1悼,格,9,林吝,"53,893"
2018,秦款措备,快力1悼,格,10,林吝,"56,880"
2018,秦款措备,快力1悼,格,11,林吝,"55,055"
2018,秦款措备,快力1悼,格,12,林吝,"57,892"
2018,秦款措备,快力1悼,陛,1,林吝,"53,193"
2018,秦款措备,快力1悼,陛,2,林吝,"55,431"
2018,秦款措备,快力1悼,陛,3,林吝,"55,553"
2018,秦款措备,快力1悼,陛,4,林吝,"58,580"
2018,秦款措备,快力1悼,陛,5,林吝,"59,375"
2018,秦款措备,快力1悼,陛,6,林吝,"62,502"
2018,秦款措备,快力1悼,陛,7,林吝,"63,110"
2018,秦款措备,快力1悼,陛,8,林吝,"64,405"
2018,秦款措备,快力1悼,陛,9,林吝,"55,864"
2018,秦款措备,快力1悼,陛,10,林吝,"57,612"
2018,秦款措备,快力1悼,陛,11,林吝,"57,170"
2018,秦款措备,快力1悼,陛,12,林吝,"60,953"
2018,秦款措备,快力1悼,配,1,林富,"58,648"
2018,秦款措备,快力1悼,配,2,林富,"61,494"
2018,秦款措备,快力1悼,配,3,林富,"64,271"
2018,秦款措备,快力1悼,配,4,林富,"70,675"
2018,秦款措备,快力1悼,配,5,林富,"74,400"
2018,秦款措备,快力1悼,配,6,林富,"72,325"
2018,秦款措备,快力1悼,配,7,林富,"73,056"
2018,秦款措备,快力1悼,配,8,林富,"73,601"
2018,秦款措备,快力1悼,配,9,林富,"65,762"
2018,秦款措备,快力1悼,配,10,林富,"67,732"
2018,秦款措备,快力1悼,配,11,林富,"66,864"
2018,秦款措备,快力1悼,配,12,林富,"70,598"
2018,秦款措备,快力2悼,老,1,林富,"88,404"
2018,秦款措备,快力2悼,老,2,林富,"90,307"
2018,秦款措备,快力2悼,老,3,林富,"92,087"
2018,秦款措备,快力2悼,老,4,林富,"85,877"
2018,秦款措备,快力2悼,老,5,林富,"95,264"
2018,秦款措备,快力2悼,老,6,林富,"103,267"
2018,秦款措备,快力2悼,老,7,林富,"101,762"
2018,秦款措备,快力2悼,老,8,林富,"110,817"
2018,秦款措备,快力2悼,老,9,林富,"104,026"
2018,秦款措备,快力2悼,老,10,林富,"103,133"
2018,秦款措备,快力2悼,老,11,林富,"94,092"
2018,秦款措备,快力2悼,老,12,林富,"106,271"
2018,秦款措备,快力2悼,岿,1,林吝,"73,884"
2018,秦款措备,快力2悼,岿,2,林吝,"72,315"
2018,秦款措备,快力2悼,岿,3,林吝,"71,631"
2018,秦款措备,快力2悼,岿,4,林吝,"68,804"
2018,秦款措备,快力2悼,岿,5,林吝,"75,990"
2018,秦款措备,快力2悼,岿,6,林吝,"78,535"
2018,秦款措备,快力2悼,岿,7,林吝,"82,690"
2018,秦款措备,快力2悼,岿,8,林吝,"88,230"
2018,秦款措备,快力2悼,岿,9,林吝,"82,291"
2018,秦款措备,快力2悼,岿,10,林吝,"81,937"
2018,秦款措备,快力2悼,岿,11,林吝,"70,572"
2018,秦款措备,快力2悼,岿,12,林吝,"81,761"
2018,秦款措备,快力2悼,拳,1,林吝,"72,099"
2018,秦款措备,快力2悼,拳,2,林吝,"72,201"
2018,秦款措备,快力2悼,拳,3,林吝,"71,530"
2018,秦款措备,快力2悼,拳,4,林吝,"68,099"
2018,秦款措备,快力2悼,拳,5,林吝,"74,326"
2018,秦款措备,快力2悼,拳,6,林吝,"78,768"
2018,秦款措备,快力2悼,拳,7,林吝,"82,862"
2018,秦款措备,快力2悼,拳,8,林吝,"88,861"
2018,秦款措备,快力2悼,拳,9,林吝,"85,979"
2018,秦款措备,快力2悼,拳,10,林吝,"81,726"
2018,秦款措备,快力2悼,拳,11,林吝,"69,740"
2018,秦款措备,快力2悼,拳,12,林吝,"83,238"
2018,秦款措备,快力2悼,荐,1,林吝,"70,685"
2018,秦款措备,快力2悼,荐,2,林吝,"71,767"
2018,秦款措备,快力2悼,荐,3,林吝,"72,302"
2018,秦款措备,快力2悼,荐,4,林吝,"68,937"
2018,秦款措备,快力2悼,荐,5,林吝,"72,766"
2018,秦款措备,快力2悼,荐,6,林吝,"82,655"
2018,秦款措备,快力2悼,荐,7,林吝,"81,004"
2018,秦款措备,快力2悼,荐,8,林吝,"91,824"
2018,秦款措备,快力2悼,荐,9,林吝,"83,819"
2018,秦款措备,快力2悼,荐,10,林吝,"83,004"
2018,秦款措备,快力2悼,荐,11,林吝,"69,729"
2018,秦款措备,快力2悼,荐,12,林吝,"78,023"
2018,秦款措备,快力2悼,格,1,林吝,"70,143"
2018,秦款措备,快力2悼,格,2,林吝,"70,524"
2018,秦款措备,快力2悼,格,3,林吝,"75,633"
2018,秦款措备,快力2悼,格,4,林吝,"69,867"
2018,秦款措备,快力2悼,格,5,林吝,"72,862"
2018,秦款措备,快力2悼,格,6,林吝,"80,568"
2018,秦款措备,快力2悼,格,7,林吝,"82,442"
2018,秦款措备,快力2悼,格,8,林吝,"91,652"
2018,秦款措备,快力2悼,格,9,林吝,"83,012"
2018,秦款措备,快力2悼,格,10,林吝,"84,875"
2018,秦款措备,快力2悼,格,11,林吝,"73,852"
2018,秦款措备,快力2悼,格,12,林吝,"79,261"
2018,秦款措备,快力2悼,陛,1,林吝,"74,949"
2018,秦款措备,快力2悼,陛,2,林吝,"71,756"
2018,秦款措备,快力2悼,陛,3,林吝,"76,786"
2018,秦款措备,快力2悼,陛,4,林吝,"72,786"
2018,秦款措备,快力2悼,陛,5,林吝,"75,092"
2018,秦款措备,快力2悼,陛,6,林吝,"82,355"
2018,秦款措备,快力2悼,陛,7,林吝,"85,209"
2018,秦款措备,快力2悼,陛,8,林吝,"92,105"
2018,秦款措备,快力2悼,陛,9,林吝,"86,771"
2018,秦款措备,快力2悼,陛,10,林吝,"89,127"
2018,秦款措备,快力2悼,陛,11,林吝,"77,810"
2018,秦款措备,快力2悼,陛,12,林吝,"85,625"
2018,秦款措备,快力2悼,配,1,林富,"82,621"
2018,秦款措备,快力2悼,配,2,林富,"84,121"
2018,秦款措备,快力2悼,配,3,林富,"86,415"
2018,秦款措备,快力2悼,配,4,林富,"83,466"
2018,秦款措备,快力2悼,配,5,林富,"87,576"
2018,秦款措备,快力2悼,配,6,林富,"96,077"
2018,秦款措备,快力2悼,配,7,林富,"95,908"
2018,秦款措备,快力2悼,配,8,林富,"104,566"
2018,秦款措备,快力2悼,配,9,林富,"100,233"
2018,秦款措备,快力2悼,配,10,林富,"101,742"
2018,秦款措备,快力2悼,配,11,林富,"93,635"
2018,秦款措备,快力2悼,配,12,林富,"97,116"
2018,荤惑备,饱过悼,老,1,林富,"60,113"
2018,荤惑备,饱过悼,老,2,林富,"61,625"
2018,荤惑备,饱过悼,老,3,林富,"61,074"
2018,荤惑备,饱过悼,老,4,林富,"67,017"
2018,荤惑备,饱过悼,老,5,林富,"61,088"
2018,荤惑备,饱过悼,老,6,林富,"61,260"
2018,荤惑备,饱过悼,老,7,林富,"60,141"
2018,荤惑备,饱过悼,老,8,林富,"61,794"
2018,荤惑备,饱过悼,老,9,林富,"62,868"
2018,荤惑备,饱过悼,老,10,林富,"65,128"
2018,荤惑备,饱过悼,老,11,林富,"66,802"
2018,荤惑备,饱过悼,老,12,林富,"61,505"
2018,荤惑备,饱过悼,岿,1,林吝,"55,564"
2018,荤惑备,饱过悼,岿,2,林吝,"57,730"
2018,荤惑备,饱过悼,岿,3,林吝,"57,155"
2018,荤惑备,饱过悼,岿,4,林吝,"59,992"
2018,荤惑备,饱过悼,岿,5,林吝,"59,446"
2018,荤惑备,饱过悼,岿,6,林吝,"57,811"
2018,荤惑备,饱过悼,岿,7,林吝,"56,446"
2018,荤惑备,饱过悼,岿,8,林吝,"58,152"
2018,荤惑备,饱过悼,岿,9,林吝,"56,128"
2018,荤惑备,饱过悼,岿,10,林吝,"61,012"
2018,荤惑备,饱过悼,岿,11,林吝,"60,868"
2018,荤惑备,饱过悼,岿,12,林吝,"55,277"
2018,荤惑备,饱过悼,拳,1,林吝,"55,847"
2018,荤惑备,饱过悼,拳,2,林吝,"57,935"
2018,荤惑备,饱过悼,拳,3,林吝,"58,937"
2018,荤惑备,饱过悼,拳,4,林吝,"60,580"
2018,荤惑备,饱过悼,拳,5,林吝,"57,420"
2018,荤惑备,饱过悼,拳,6,林吝,"59,171"
2018,荤惑备,饱过悼,拳,7,林吝,"56,221"
2018,荤惑备,饱过悼,拳,8,林吝,"58,247"
2018,荤惑备,饱过悼,拳,9,林吝,"59,321"
2018,荤惑备,饱过悼,拳,10,林吝,"62,078"
2018,荤惑备,饱过悼,拳,11,林吝,"60,476"
2018,荤惑备,饱过悼,拳,12,林吝,"58,803"
2018,荤惑备,饱过悼,荐,1,林吝,"56,225"
2018,荤惑备,饱过悼,荐,2,林吝,"59,442"
2018,荤惑备,饱过悼,荐,3,林吝,"60,482"
2018,荤惑备,饱过悼,荐,4,林吝,"60,168"
2018,荤惑备,饱过悼,荐,5,林吝,"58,572"
2018,荤惑备,饱过悼,荐,6,林吝,"59,837"
2018,荤惑备,饱过悼,荐,7,林吝,"56,426"
2018,荤惑备,饱过悼,荐,8,林吝,"58,557"
2018,荤惑备,饱过悼,荐,9,林吝,"60,813"
2018,荤惑备,饱过悼,荐,10,林吝,"61,918"
2018,荤惑备,饱过悼,荐,11,林吝,"61,310"
2018,荤惑备,饱过悼,荐,12,林吝,"57,346"
2018,荤惑备,饱过悼,格,1,林吝,"54,415"
2018,荤惑备,饱过悼,格,2,林吝,"58,646"
2018,荤惑备,饱过悼,格,3,林吝,"60,154"
2018,荤惑备,饱过悼,格,4,林吝,"59,434"
2018,荤惑备,饱过悼,格,5,林吝,"58,252"
2018,荤惑备,饱过悼,格,6,林吝,"58,916"
2018,荤惑备,饱过悼,格,7,林吝,"56,640"
2018,荤惑备,饱过悼,格,8,林吝,"57,610"
2018,荤惑备,饱过悼,格,9,林吝,"59,756"
2018,荤惑备,饱过悼,格,10,林吝,"61,058"
2018,荤惑备,饱过悼,格,11,林吝,"60,872"
2018,荤惑备,饱过悼,格,12,林吝,"54,049"
2018,荤惑备,饱过悼,陛,1,林吝,"56,884"
2018,荤惑备,饱过悼,陛,2,林吝,"56,600"
2018,荤惑备,饱过悼,陛,3,林吝,"61,539"
2018,荤惑备,饱过悼,陛,4,林吝,"61,242"
2018,荤惑备,饱过悼,陛,5,林吝,"60,109"
2018,荤惑备,饱过悼,陛,6,林吝,"59,853"
2018,荤惑备,饱过悼,陛,7,林吝,"57,837"
2018,荤惑备,饱过悼,陛,8,林吝,"60,678"
2018,荤惑备,饱过悼,陛,9,林吝,"61,810"
2018,荤惑备,饱过悼,陛,10,林吝,"62,717"
2018,荤惑备,饱过悼,陛,11,林吝,"63,824"
2018,荤惑备,饱过悼,陛,12,林吝,"57,844"
2018,荤惑备,饱过悼,配,1,林富,"61,887"
2018,荤惑备,饱过悼,配,2,林富,"62,097"
2018,荤惑备,饱过悼,配,3,林富,"64,382"
2018,荤惑备,饱过悼,配,4,林富,"65,103"
2018,荤惑备,饱过悼,配,5,林富,"62,371"
2018,荤惑备,饱过悼,配,6,林富,"63,006"
2018,荤惑备,饱过悼,配,7,林富,"61,300"
2018,荤惑备,饱过悼,配,8,林富,"62,971"
2018,荤惑备,饱过悼,配,9,林富,"65,476"
2018,荤惑备,饱过悼,配,10,林富,"67,791"
2018,荤惑备,饱过悼,配,11,林富,"69,302"
2018,荤惑备,饱过悼,配,12,林富,"63,168"
2017,吝备,巢器悼,老,1,林富,"60,976"
2017,吝备,巢器悼,老,2,林富,"49,559"
2017,吝备,巢器悼,老,3,林富,"48,372"
2017,吝备,巢器悼,老,4,林富,"46,244"
2017,吝备,巢器悼,老,5,林富,"25,895"
2017,吝备,巢器悼,老,6,林富,"26,852"
2017,吝备,巢器悼,老,7,林富,"44,672"
2017,吝备,巢器悼,老,8,林富,"43,399"
2017,吝备,巢器悼,老,9,林富,"38,544"
2017,吝备,巢器悼,老,10,林富,"41,138"
2017,吝备,巢器悼,老,11,林富,"37,021"
2017,吝备,巢器悼,老,12,林富,"33,454"
2017,吝备,巢器悼,岿,1,林吝,"29,729"
2017,吝备,巢器悼,岿,2,林吝,"22,792"
2017,吝备,巢器悼,岿,3,林吝,"21,926"
2017,吝备,巢器悼,岿,4,林吝,"20,259"
2017,吝备,巢器悼,岿,5,林吝,"22,004"
2017,吝备,巢器悼,岿,6,林吝,"22,475"
2017,吝备,巢器悼,岿,7,林吝,"34,952"
2017,吝备,巢器悼,岿,8,林吝,"35,892"
2017,吝备,巢器悼,岿,9,林吝,"29,830"
2017,吝备,巢器悼,岿,10,林吝,"32,724"
2017,吝备,巢器悼,岿,11,林吝,"28,528"
2017,吝备,巢器悼,岿,12,林吝,"27,476"
2017,吝备,巢器悼,拳,5,林吝,"21,346"
2017,吝备,巢器悼,拳,6,林吝,"22,476"
2017,吝备,巢器悼,拳,7,林吝,"29,774"
2017,吝备,巢器悼,拳,8,林吝,"36,671"
2017,吝备,巢器悼,拳,9,林吝,"28,923"
2017,吝备,巢器悼,拳,10,林吝,"31,111"
2017,吝备,巢器悼,拳,11,林吝,"28,304"
2017,吝备,巢器悼,拳,12,林吝,"24,079"
2017,吝备,巢器悼,荐,1,林吝,"29,963"
2017,吝备,巢器悼,荐,2,林吝,"22,476"
2017,吝备,巢器悼,荐,3,林吝,"22,564"
2017,吝备,巢器悼,荐,4,林吝,"21,286"
2017,吝备,巢器悼,荐,5,林吝,"22,019"
2017,吝备,巢器悼,荐,6,林吝,"22,404"
2017,吝备,巢器悼,荐,7,林吝,"30,426"
2017,吝备,巢器悼,荐,8,林吝,"34,513"
2017,吝备,巢器悼,荐,9,林吝,"31,010"
2017,吝备,巢器悼,荐,10,林吝,"30,354"
2017,吝备,巢器悼,荐,11,林吝,"28,455"
2017,吝备,巢器悼,荐,12,林吝,"24,588"
2017,吝备,巢器悼,格,1,林吝,"29,880"
2017,吝备,巢器悼,格,2,林吝,"22,729"
2017,吝备,巢器悼,格,3,林吝,"21,759"
2017,吝备,巢器悼,格,4,林吝,"21,814"
2017,吝备,巢器悼,格,5,林吝,"23,470"
2017,吝备,巢器悼,格,6,林吝,"21,933"
2017,吝备,巢器悼,格,7,林吝,"33,198"
2017,吝备,巢器悼,格,8,林吝,"34,712"
2017,吝备,巢器悼,格,9,林吝,"30,681"
2017,吝备,巢器悼,格,10,林吝,"34,785"
2017,吝备,巢器悼,格,11,林吝,"28,741"
2017,吝备,巢器悼,格,12,林吝,"24,746"
2017,吝备,巢器悼,陛,1,林吝,"29,860"
2017,吝备,巢器悼,陛,2,林吝,"23,432"
2017,吝备,巢器悼,陛,3,林吝,"23,001"
2017,吝备,巢器悼,陛,4,林吝,"21,959"
2017,吝备,巢器悼,陛,5,林吝,"24,088"
2017,吝备,巢器悼,陛,6,林吝,"22,651"
2017,吝备,巢器悼,陛,7,林吝,"33,917"
2017,吝备,巢器悼,陛,8,林吝,"35,168"
2017,吝备,巢器悼,陛,9,林吝,"30,678"
2017,吝备,巢器悼,陛,10,林吝,"35,363"
2017,吝备,巢器悼,陛,11,林吝,"30,196"
2017,吝备,巢器悼,陛,12,林吝,"26,371"
2017,吝备,巢器悼,配,1,林富,"31,626"
2017,吝备,巢器悼,配,2,林富,"29,152"
2017,吝备,巢器悼,配,3,林富,"28,876"
2017,吝备,巢器悼,配,4,林富,"27,580"
2017,吝备,巢器悼,配,5,林富,"28,645"
2017,吝备,巢器悼,配,6,林富,"27,948"
2017,吝备,巢器悼,配,7,林富,"45,303"
2017,吝备,巢器悼,配,8,林富,"45,746"
2017,吝备,巢器悼,配,9,林富,"39,201"
2017,吝备,巢器悼,配,10,林富,"43,938"
2017,吝备,巢器悼,配,11,林富,"38,848"
2017,吝备,巢器悼,配,12,林富,"35,073"
2017,何魂柳备,何傈力1悼,老,1,林富,"178,616"
2017,何魂柳备,何傈力1悼,老,2,林富,"123,168"
2017,何魂柳备,何傈力1悼,老,3,林富,"117,611"
2017,何魂柳备,何傈力1悼,老,4,林富,"117,126"
2017,何魂柳备,何傈力1悼,老,5,林富,"58,059"
2017,何魂柳备,何傈力1悼,老,6,林富,"58,418"
2017,何魂柳备,何傈力1悼,老,7,林富,"73,369"
2017,何魂柳备,何傈力1悼,老,8,林富,"67,876"
2017,何魂柳备,何傈力1悼,老,9,林富,"63,908"
2017,何魂柳备,何傈力1悼,老,10,林富,"67,410"
2017,何魂柳备,何傈力1悼,老,11,林富,"65,306"
2017,何魂柳备,何傈力1悼,老,12,林富,"63,552"
2017,何魂柳备,何傈力1悼,岿,1,林吝,"90,237"
2017,何魂柳备,何傈力1悼,岿,2,林吝,"62,236"
2017,何魂柳备,何傈力1悼,岿,3,林吝,"58,437"
2017,何魂柳备,何傈力1悼,岿,4,林吝,"56,456"
2017,何魂柳备,何傈力1悼,岿,5,林吝,"58,890"
2017,何魂柳备,何傈力1悼,岿,6,林吝,"59,929"
2017,何魂柳备,何傈力1悼,岿,7,林吝,"80,314"
2017,何魂柳备,何傈力1悼,岿,8,林吝,"73,354"
2017,何魂柳备,何傈力1悼,岿,9,林吝,"67,884"
2017,何魂柳备,何傈力1悼,岿,10,林吝,"69,839"
2017,何魂柳备,何傈力1悼,岿,11,林吝,"68,555"
2017,何魂柳备,何傈力1悼,岿,12,林吝,"67,222"
2017,何魂柳备,何傈力1悼,拳,5,林吝,"58,580"
2017,何魂柳备,何傈力1悼,拳,6,林吝,"59,772"
2017,何魂柳备,何傈力1悼,拳,7,林吝,"77,457"
2017,何魂柳备,何傈力1悼,拳,8,林吝,"73,234"
2017,何魂柳备,何傈力1悼,拳,9,林吝,"66,657"
2017,何魂柳备,何傈力1悼,拳,10,林吝,"66,567"
2017,何魂柳备,何傈力1悼,拳,11,林吝,"69,847"
2017,何魂柳备,何傈力1悼,拳,12,林吝,"67,982"
2017,何魂柳备,何傈力1悼,荐,1,林吝,"90,042"
2017,何魂柳备,何傈力1悼,荐,2,林吝,"61,904"
2017,何魂柳备,何傈力1悼,荐,3,林吝,"58,753"
2017,何魂柳备,何傈力1悼,荐,4,林吝,"59,299"
2017,何魂柳备,何傈力1悼,荐,5,林吝,"58,517"
2017,何魂柳备,何傈力1悼,荐,6,林吝,"59,969"
2017,何魂柳备,何傈力1悼,荐,7,林吝,"76,308"
2017,何魂柳备,何傈力1悼,荐,8,林吝,"72,858"
2017,何魂柳备,何傈力1悼,荐,9,林吝,"66,589"
2017,何魂柳备,何傈力1悼,荐,10,林吝,"62,494"
2017,何魂柳备,何傈力1悼,荐,11,林吝,"69,659"
2017,何魂柳备,何傈力1悼,荐,12,林吝,"68,436"
2017,何魂柳备,何傈力1悼,格,1,林吝,"90,340"
2017,何魂柳备,何傈力1悼,格,2,林吝,"62,277"
2017,何魂柳备,何傈力1悼,格,3,林吝,"58,932"
2017,何魂柳备,何傈力1悼,格,4,林吝,"59,954"
2017,何魂柳备,何傈力1悼,格,5,林吝,"60,208"
2017,何魂柳备,何傈力1悼,格,6,林吝,"59,697"
2017,何魂柳备,何傈力1悼,格,7,林吝,"80,705"
2017,何魂柳备,何傈力1悼,格,8,林吝,"72,526"
2017,何魂柳备,何傈力1悼,格,9,林吝,"68,699"
2017,何魂柳备,何傈力1悼,格,10,林吝,"65,652"
2017,何魂柳备,何傈力1悼,格,11,林吝,"69,062"
2017,何魂柳备,何傈力1悼,格,12,林吝,"72,172"
2017,何魂柳备,何傈力1悼,陛,1,林吝,"89,794"
2017,何魂柳备,何傈力1悼,陛,2,林吝,"63,687"
2017,何魂柳备,何傈力1悼,陛,3,林吝,"60,690"
2017,何魂柳备,何傈力1悼,陛,4,林吝,"61,133"
2017,何魂柳备,何傈力1悼,陛,5,林吝,"60,548"
2017,何魂柳备,何傈力1悼,陛,6,林吝,"60,984"
2017,何魂柳备,何傈力1悼,陛,7,林吝,"82,123"
2017,何魂柳备,何傈力1悼,陛,8,林吝,"74,937"
2017,何魂柳备,何傈力1悼,陛,9,林吝,"69,600"
2017,何魂柳备,何傈力1悼,陛,10,林吝,"68,511"
2017,何魂柳备,何傈力1悼,陛,11,林吝,"71,293"
2017,何魂柳备,何傈力1悼,陛,12,林吝,"70,245"
2017,何魂柳备,何傈力1悼,配,1,林富,"90,269"
2017,何魂柳备,何傈力1悼,配,2,林富,"66,331"
2017,何魂柳备,何傈力1悼,配,3,林富,"63,769"
2017,何魂柳备,何傈力1悼,配,4,林富,"63,692"
2017,何魂柳备,何傈力1悼,配,5,林富,"63,083"
2017,何魂柳备,何傈力1悼,配,6,林富,"62,730"
2017,何魂柳备,何傈力1悼,配,7,林富,"80,851"
2017,何魂柳备,何傈力1悼,配,8,林富,"72,749"
2017,何魂柳备,何傈力1悼,配,9,林富,"70,544"
2017,何魂柳备,何傈力1悼,配,10,林富,"69,987"
2017,何魂柳备,何傈力1悼,配,11,林富,"72,471"
2017,何魂柳备,何傈力1悼,配,12,林富,"72,922"
2017,何魂柳备,何傈力2悼,老,1,林富,"245,355"
2017,何魂柳备,何傈力2悼,老,2,林富,"194,009"
2017,何魂柳备,何傈力2悼,老,3,林富,"184,854"
2017,何魂柳备,何傈力2悼,老,4,林富,"170,868"
2017,何魂柳备,何傈力2悼,老,5,林富,"85,139"
2017,何魂柳备,何傈力2悼,老,6,林富,"86,566"
2017,何魂柳备,何傈力2悼,老,7,林富,"126,757"
2017,何魂柳备,何傈力2悼,老,8,林富,"119,711"
2017,何魂柳备,何傈力2悼,老,9,林富,"109,887"
2017,何魂柳备,何傈力2悼,老,10,林富,"121,423"
2017,何魂柳备,何傈力2悼,老,11,林富,"115,762"
2017,何魂柳备,何傈力2悼,老,12,林富,"108,043"
2017,何魂柳备,何傈力2悼,岿,1,林吝,"121,971"
2017,何魂柳备,何傈力2悼,岿,2,林吝,"94,339"
2017,何魂柳备,何傈力2悼,岿,3,林吝,"88,303"
2017,何魂柳备,何傈力2悼,岿,4,林吝,"79,018"
2017,何魂柳备,何傈力2悼,岿,5,林吝,"79,259"
2017,何魂柳备,何傈力2悼,岿,6,林吝,"83,318"
2017,何魂柳备,何傈力2悼,岿,7,林吝,"127,558"
2017,何魂柳备,何傈力2悼,岿,8,林吝,"119,502"
2017,何魂柳备,何傈力2悼,岿,9,林吝,"107,111"
2017,何魂柳备,何傈力2悼,岿,10,林吝,"118,524"
2017,何魂柳备,何傈力2悼,岿,11,林吝,"110,376"
2017,何魂柳备,何傈力2悼,岿,12,林吝,"110,362"
2017,何魂柳备,何傈力2悼,拳,5,林吝,"79,565"
2017,何魂柳备,何傈力2悼,拳,6,林吝,"83,609"
2017,何魂柳备,何傈力2悼,拳,7,林吝,"121,251"
2017,何魂柳备,何傈力2悼,拳,8,林吝,"119,692"
2017,何魂柳备,何傈力2悼,拳,9,林吝,"103,429"
2017,何魂柳备,何傈力2悼,拳,10,林吝,"111,149"
2017,何魂柳备,何傈力2悼,拳,11,林吝,"112,110"
2017,何魂柳备,何傈力2悼,拳,12,林吝,"107,764"
2017,何魂柳备,何傈力2悼,荐,1,林吝,"121,741"
2017,何魂柳备,何傈力2悼,荐,2,林吝,"94,561"
2017,何魂柳备,何傈力2悼,荐,3,林吝,"89,642"
2017,何魂柳备,何傈力2悼,荐,4,林吝,"83,631"
2017,何魂柳备,何傈力2悼,荐,5,林吝,"80,100"
2017,何魂柳备,何傈力2悼,荐,6,林吝,"83,651"
2017,何魂柳备,何傈力2悼,荐,7,林吝,"120,300"
2017,何魂柳备,何傈力2悼,荐,8,林吝,"117,876"
2017,何魂柳备,何傈力2悼,荐,9,林吝,"105,691"
2017,何魂柳备,何傈力2悼,荐,10,林吝,"104,635"
2017,何魂柳备,何傈力2悼,荐,11,林吝,"112,406"
2017,何魂柳备,何傈力2悼,荐,12,林吝,"107,662"
2017,何魂柳备,何傈力2悼,格,1,林吝,"122,413"
2017,何魂柳备,何傈力2悼,格,2,林吝,"95,034"
2017,何魂柳备,何傈力2悼,格,3,林吝,"88,724"
2017,何魂柳备,何傈力2悼,格,4,林吝,"84,828"
2017,何魂柳备,何傈力2悼,格,5,林吝,"82,273"
2017,何魂柳备,何傈力2悼,格,6,林吝,"83,663"
2017,何魂柳备,何傈力2悼,格,7,林吝,"128,543"
2017,何魂柳备,何傈力2悼,格,8,林吝,"118,656"
2017,何魂柳备,何傈力2悼,格,9,林吝,"108,795"
2017,何魂柳备,何傈力2悼,格,10,林吝,"113,674"
2017,何魂柳备,何傈力2悼,格,11,林吝,"113,785"
2017,何魂柳备,何傈力2悼,格,12,林吝,"114,507"
2017,何魂柳备,何傈力2悼,陛,1,林吝,"121,764"
2017,何魂柳备,何傈力2悼,陛,2,林吝,"98,763"
2017,何魂柳备,何傈力2悼,陛,3,林吝,"93,438"
2017,何魂柳备,何傈力2悼,陛,4,林吝,"88,120"
2017,何魂柳备,何傈力2悼,陛,5,林吝,"84,632"
2017,何魂柳备,何傈力2悼,陛,6,林吝,"86,670"
2017,何魂柳备,何傈力2悼,陛,7,林吝,"132,374"
2017,何魂柳备,何傈力2悼,陛,8,林吝,"124,554"
2017,何魂柳备,何傈力2悼,陛,9,林吝,"112,746"
2017,何魂柳备,何傈力2悼,陛,10,林吝,"121,289"
2017,何魂柳备,何傈力2悼,陛,11,林吝,"119,664"
2017,何魂柳备,何傈力2悼,陛,12,林吝,"114,126"
2017,何魂柳备,何傈力2悼,配,1,林富,"125,330"
2017,何魂柳备,何傈力2悼,配,2,林富,"110,604"
2017,何魂柳备,何傈力2悼,配,3,林富,"106,618"
2017,何魂柳备,何傈力2悼,配,4,林富,"98,935"
2017,何魂柳备,何傈力2悼,配,5,林富,"94,344"
2017,何魂柳备,何傈力2悼,配,6,林富,"94,916"
2017,何魂柳备,何傈力2悼,配,7,林富,"140,691"
2017,何魂柳备,何傈力2悼,配,8,林富,"131,357"
2017,何魂柳备,何傈力2悼,配,9,林富,"124,400"
2017,何魂柳备,何傈力2悼,配,10,林富,"131,505"
2017,何魂柳备,何傈力2悼,配,11,林富,"132,663"
2017,何魂柳备,何傈力2悼,配,12,林富,"126,879"
2017,秦款措备,快力1悼,老,1,林富,"78,987"
2017,秦款措备,快力1悼,老,2,林富,"100,015"
2017,秦款措备,快力1悼,老,3,林富,"94,828"
2017,秦款措备,快力1悼,老,4,林富,"94,897"
2017,秦款措备,快力1悼,老,5,林富,"53,445"
2017,秦款措备,快力1悼,老,6,林富,"53,550"
2017,秦款措备,快力1悼,老,7,林富,"85,696"
2017,秦款措备,快力1悼,老,8,林富,"79,934"
2017,秦款措备,快力1悼,老,9,林富,"64,872"
2017,秦款措备,快力1悼,老,10,林富,"71,020"
2017,秦款措备,快力1悼,老,11,林富,"64,725"
2017,秦款措备,快力1悼,老,12,林富,"62,486"
2017,秦款措备,快力1悼,岿,1,林吝,"37,444"
2017,秦款措备,快力1悼,岿,2,林吝,"46,814"
2017,秦款措备,快力1悼,岿,3,林吝,"44,576"
2017,秦款措备,快力1悼,岿,4,林吝,"44,354"
2017,秦款措备,快力1悼,岿,5,林吝,"48,381"
2017,秦款措备,快力1悼,岿,6,林吝,"48,587"
2017,秦款措备,快力1悼,岿,7,林吝,"68,487"
2017,秦款措备,快力1悼,岿,8,林吝,"68,401"
2017,秦款措备,快力1悼,岿,9,林吝,"51,225"
2017,秦款措备,快力1悼,岿,10,林吝,"54,728"
2017,秦款措备,快力1悼,岿,11,林吝,"54,911"
2017,秦款措备,快力1悼,岿,12,林吝,"54,063"
2017,秦款措备,快力1悼,拳,5,林吝,"48,098"
2017,秦款措备,快力1悼,拳,6,林吝,"49,262"
2017,秦款措备,快力1悼,拳,7,林吝,"61,308"
2017,秦款措备,快力1悼,拳,8,林吝,"68,830"
2017,秦款措备,快力1悼,拳,9,林吝,"51,252"
2017,秦款措备,快力1悼,拳,10,林吝,"58,225"
2017,秦款措备,快力1悼,拳,11,林吝,"55,372"
2017,秦款措备,快力1悼,拳,12,林吝,"50,036"
2017,秦款措备,快力1悼,荐,1,林吝,"37,431"
2017,秦款措备,快力1悼,荐,2,林吝,"46,533"
2017,秦款措备,快力1悼,荐,3,林吝,"45,476"
2017,秦款措备,快力1悼,荐,4,林吝,"44,337"
2017,秦款措备,快力1悼,荐,5,林吝,"49,231"
2017,秦款措备,快力1悼,荐,6,林吝,"48,324"
2017,秦款措备,快力1悼,荐,7,林吝,"58,937"
2017,秦款措备,快力1悼,荐,8,林吝,"64,514"
2017,秦款措备,快力1悼,荐,9,林吝,"56,497"
2017,秦款措备,快力1悼,荐,10,林吝,"58,777"
2017,秦款措备,快力1悼,荐,11,林吝,"56,506"
2017,秦款措备,快力1悼,荐,12,林吝,"48,996"
2017,秦款措备,快力1悼,格,1,林吝,"37,145"
2017,秦款措备,快力1悼,格,2,林吝,"46,892"
2017,秦款措备,快力1悼,格,3,林吝,"44,619"
2017,秦款措备,快力1悼,格,4,林吝,"44,539"
2017,秦款措备,快力1悼,格,5,林吝,"50,359"
2017,秦款措备,快力1悼,格,6,林吝,"48,357"
2017,秦款措备,快力1悼,格,7,林吝,"62,363"
2017,秦款措备,快力1悼,格,8,林吝,"65,276"
2017,秦款措备,快力1悼,格,9,林吝,"53,988"
2017,秦款措备,快力1悼,格,10,林吝,"64,097"
2017,秦款措备,快力1悼,格,11,林吝,"56,842"
2017,秦款措备,快力1悼,格,12,林吝,"51,975"
2017,秦款措备,快力1悼,陛,1,林吝,"37,979"
2017,秦款措备,快力1悼,陛,2,林吝,"47,582"
2017,秦款措备,快力1悼,陛,3,林吝,"45,425"
2017,秦款措备,快力1悼,陛,4,林吝,"45,361"
2017,秦款措备,快力1悼,陛,5,林吝,"51,097"
2017,秦款措备,快力1悼,陛,6,林吝,"48,861"
2017,秦款措备,快力1悼,陛,7,林吝,"64,128"
2017,秦款措备,快力1悼,陛,8,林吝,"68,098"
2017,秦款措备,快力1悼,陛,9,林吝,"55,279"
2017,秦款措备,快力1悼,陛,10,林吝,"65,109"
2017,秦款措备,快力1悼,陛,11,林吝,"57,662"
2017,秦款措备,快力1悼,陛,12,林吝,"52,310"
2017,秦款措备,快力1悼,配,1,林富,"40,244"
2017,秦款措备,快力1悼,配,2,林富,"52,607"
2017,秦款措备,快力1悼,配,3,林富,"49,708"
2017,秦款措备,快力1悼,配,4,林富,"49,757"
2017,秦款措备,快力1悼,配,5,林富,"54,186"
2017,秦款措备,快力1悼,配,6,林富,"52,356"
2017,秦款措备,快力1悼,配,7,林富,"81,412"
2017,秦款措备,快力1悼,配,8,林富,"80,581"
2017,秦款措备,快力1悼,配,9,林富,"69,265"
2017,秦款措备,快力1悼,配,10,林富,"73,418"
2017,秦款措备,快力1悼,配,11,林富,"66,437"
2017,秦款措备,快力1悼,配,12,林富,"58,955"
2017,秦款措备,快力2悼,老,1,林富,"128,102"
2017,秦款措备,快力2悼,老,2,林富,"133,041"
2017,秦款措备,快力2悼,老,3,林富,"140,268"
2017,秦款措备,快力2悼,老,4,林富,"138,262"
2017,秦款措备,快力2悼,老,5,林富,"68,913"
2017,秦款措备,快力2悼,老,6,林富,"77,393"
2017,秦款措备,快力2悼,老,7,林富,"115,623"
2017,秦款措备,快力2悼,老,8,林富,"103,017"
2017,秦款措备,快力2悼,老,9,林富,"101,836"
2017,秦款措备,快力2悼,老,10,林富,"105,412"
2017,秦款措备,快力2悼,老,11,林富,"96,895"
2017,秦款措备,快力2悼,老,12,林富,"93,908"
2017,秦款措备,快力2悼,岿,1,林吝,"62,185"
2017,秦款措备,快力2悼,岿,2,林吝,"63,125"
2017,秦款措备,快力2悼,岿,3,林吝,"65,414"
2017,秦款措备,快力2悼,岿,4,林吝,"65,355"
2017,秦款措备,快力2悼,岿,5,林吝,"63,112"
2017,秦款措备,快力2悼,岿,6,林吝,"69,572"
2017,秦款措备,快力2悼,岿,7,林吝,"97,180"
2017,秦款措备,快力2悼,岿,8,林吝,"92,275"
2017,秦款措备,快力2悼,岿,9,林吝,"74,376"
2017,秦款措备,快力2悼,岿,10,林吝,"75,275"
2017,秦款措备,快力2悼,岿,11,林吝,"75,960"
2017,秦款措备,快力2悼,岿,12,林吝,"78,228"
2017,秦款措备,快力2悼,拳,5,林吝,"63,409"
2017,秦款措备,快力2悼,拳,6,林吝,"70,702"
2017,秦款措备,快力2悼,拳,7,林吝,"87,750"
2017,秦款措备,快力2悼,拳,8,林吝,"90,831"
2017,秦款措备,快力2悼,拳,9,林吝,"77,397"
2017,秦款措备,快力2悼,拳,10,林吝,"79,991"
2017,秦款措备,快力2悼,拳,11,林吝,"76,169"
2017,秦款措备,快力2悼,拳,12,林吝,"73,731"
2017,秦款措备,快力2悼,荐,1,林吝,"62,085"
2017,秦款措备,快力2悼,荐,2,林吝,"63,254"
2017,秦款措备,快力2悼,荐,3,林吝,"66,761"
2017,秦款措备,快力2悼,荐,4,林吝,"66,369"
2017,秦款措备,快力2悼,荐,5,林吝,"64,383"
2017,秦款措备,快力2悼,荐,6,林吝,"70,671"
2017,秦款措备,快力2悼,荐,7,林吝,"85,714"
2017,秦款措备,快力2悼,荐,8,林吝,"87,205"
2017,秦款措备,快力2悼,荐,9,林吝,"85,837"
2017,秦款措备,快力2悼,荐,10,林吝,"79,895"
2017,秦款措备,快力2悼,荐,11,林吝,"78,251"
2017,秦款措备,快力2悼,荐,12,林吝,"70,099"
2017,秦款措备,快力2悼,格,1,林吝,"61,832"
2017,秦款措备,快力2悼,格,2,林吝,"63,510"
2017,秦款措备,快力2悼,格,3,林吝,"66,632"
2017,秦款措备,快力2悼,格,4,林吝,"66,894"
2017,秦款措备,快力2悼,格,5,林吝,"64,883"
2017,秦款措备,快力2悼,格,6,林吝,"71,336"
2017,秦款措备,快力2悼,格,7,林吝,"91,813"
2017,秦款措备,快力2悼,格,8,林吝,"88,264"
2017,秦款措备,快力2悼,格,9,林吝,"84,573"
2017,秦款措备,快力2悼,格,10,林吝,"89,426"
2017,秦款措备,快力2悼,格,11,林吝,"80,219"
2017,秦款措备,快力2悼,格,12,林吝,"73,904"
2017,秦款措备,快力2悼,陛,1,林吝,"61,874"
2017,秦款措备,快力2悼,陛,2,林吝,"64,880"
2017,秦款措备,快力2悼,陛,3,林吝,"68,501"
2017,秦款措备,快力2悼,陛,4,林吝,"68,311"
2017,秦款措备,快力2悼,陛,5,林吝,"66,749"
2017,秦款措备,快力2悼,陛,6,林吝,"72,384"
2017,秦款措备,快力2悼,陛,7,林吝,"94,701"
2017,秦款措备,快力2悼,陛,8,林吝,"90,503"
2017,秦款措备,快力2悼,陛,9,林吝,"83,958"
2017,秦款措备,快力2悼,陛,10,林吝,"90,818"
2017,秦款措备,快力2悼,陛,11,林吝,"83,804"
2017,秦款措备,快力2悼,陛,12,林吝,"76,512"
2017,秦款措备,快力2悼,配,1,林富,"62,997"
2017,秦款措备,快力2悼,配,2,林富,"71,570"
2017,秦款措备,快力2悼,配,3,林富,"73,901"
2017,秦款措备,快力2悼,配,4,林富,"72,275"
2017,秦款措备,快力2悼,配,5,林富,"70,320"
2017,秦款措备,快力2悼,配,6,林富,"77,861"
2017,秦款措备,快力2悼,配,7,林富,"109,126"
2017,秦款措备,快力2悼,配,8,林富,"100,837"
2017,秦款措备,快力2悼,配,9,林富,"99,757"
2017,秦款措备,快力2悼,配,10,林富,"98,927"
2017,秦款措备,快力2悼,配,11,林富,"94,791"
2017,秦款措备,快力2悼,配,12,林富,"87,895"
2017,荤惑备,饱过悼,老,1,林富,"98,037"
2017,荤惑备,饱过悼,老,2,林富,"82,845"
2017,荤惑备,饱过悼,老,3,林富,"85,328"
2017,荤惑备,饱过悼,老,4,林富,"71,344"
2017,荤惑备,饱过悼,老,5,林富,"27,234"
2017,荤惑备,饱过悼,老,6,林富,"36,126"
2017,荤惑备,饱过悼,老,7,林富,"54,936"
2017,荤惑备,饱过悼,老,8,林富,"59,890"
2017,荤惑备,饱过悼,老,9,林富,"59,871"
2017,荤惑备,饱过悼,老,10,林富,"66,234"
2017,荤惑备,饱过悼,老,11,林富,"68,385"
2017,荤惑备,饱过悼,老,12,林富,"66,936"
2017,荤惑备,饱过悼,岿,1,林吝,"49,426"
2017,荤惑备,饱过悼,岿,2,林吝,"40,775"
2017,荤惑备,饱过悼,岿,3,林吝,"42,485"
2017,荤惑备,饱过悼,岿,4,林吝,"38,767"
2017,荤惑备,饱过悼,岿,5,林吝,"27,221"
2017,荤惑备,饱过悼,岿,6,林吝,"36,004"
2017,荤惑备,饱过悼,岿,7,林吝,"50,318"
2017,荤惑备,饱过悼,岿,8,林吝,"57,554"
2017,荤惑备,饱过悼,岿,9,林吝,"56,676"
2017,荤惑备,饱过悼,岿,10,林吝,"63,635"
2017,荤惑备,饱过悼,岿,11,林吝,"62,411"
2017,荤惑备,饱过悼,岿,12,林吝,"62,169"
2017,荤惑备,饱过悼,拳,5,林吝,"27,962"
2017,荤惑备,饱过悼,拳,6,林吝,"36,565"
2017,荤惑备,饱过悼,拳,7,林吝,"51,626"
2017,荤惑备,饱过悼,拳,8,林吝,"57,411"
2017,荤惑备,饱过悼,拳,9,林吝,"55,205"
2017,荤惑备,饱过悼,拳,10,林吝,"61,688"
2017,荤惑备,饱过悼,拳,11,林吝,"62,994"
2017,荤惑备,饱过悼,拳,12,林吝,"61,114"
2017,荤惑备,饱过悼,荐,1,林吝,"50,889"
2017,荤惑备,饱过悼,荐,2,林吝,"41,612"
2017,荤惑备,饱过悼,荐,3,林吝,"43,191"
2017,荤惑备,饱过悼,荐,4,林吝,"36,111"
2017,荤惑备,饱过悼,荐,5,林吝,"28,781"
2017,荤惑备,饱过悼,荐,6,林吝,"36,743"
2017,荤惑备,饱过悼,荐,7,林吝,"52,296"
2017,荤惑备,饱过悼,荐,8,林吝,"57,742"
2017,荤惑备,饱过悼,荐,9,林吝,"56,787"
2017,荤惑备,饱过悼,荐,10,林吝,"58,745"
2017,荤惑备,饱过悼,荐,11,林吝,"63,061"
2017,荤惑备,饱过悼,荐,12,林吝,"63,540"
2017,荤惑备,饱过悼,格,1,林吝,"50,785"
2017,荤惑备,饱过悼,格,2,林吝,"41,216"
2017,荤惑备,饱过悼,格,3,林吝,"43,007"
2017,荤惑备,饱过悼,格,4,林吝,"35,576"
2017,荤惑备,饱过悼,格,5,林吝,"27,975"
2017,荤惑备,饱过悼,格,6,林吝,"36,403"
2017,荤惑备,饱过悼,格,7,林吝,"50,695"
2017,荤惑备,饱过悼,格,8,林吝,"57,738"
2017,荤惑备,饱过悼,格,9,林吝,"56,523"
2017,荤惑备,饱过悼,格,10,林吝,"59,845"
2017,荤惑备,饱过悼,格,11,林吝,"63,716"
2017,荤惑备,饱过悼,格,12,林吝,"62,133"
2017,荤惑备,饱过悼,陛,1,林吝,"49,952"
2017,荤惑备,饱过悼,陛,2,林吝,"41,890"
2017,荤惑备,饱过悼,陛,3,林吝,"43,167"
2017,荤惑备,饱过悼,陛,4,林吝,"35,838"
2017,荤惑备,饱过悼,陛,5,林吝,"28,159"
2017,荤惑备,饱过悼,陛,6,林吝,"36,306"
2017,荤惑备,饱过悼,陛,7,林吝,"52,230"
2017,荤惑备,饱过悼,陛,8,林吝,"58,415"
2017,荤惑备,饱过悼,陛,9,林吝,"57,808"
2017,荤惑备,饱过悼,陛,10,林吝,"61,766"
2017,荤惑备,饱过悼,陛,11,林吝,"65,899"
2017,荤惑备,饱过悼,陛,12,林吝,"62,964"
2017,荤惑备,饱过悼,配,1,林富,"48,944"
2017,荤惑备,饱过悼,配,2,林富,"43,111"
2017,荤惑备,饱过悼,配,3,林富,"43,206"
2017,荤惑备,饱过悼,配,4,林富,"38,106"
2017,荤惑备,饱过悼,配,5,林富,"28,496"
2017,荤惑备,饱过悼,配,6,林富,"36,683"
2017,荤惑备,饱过悼,配,7,林富,"55,598"
2017,荤惑备,饱过悼,配,8,林富,"61,805"
2017,荤惑备,饱过悼,配,9,林富,"62,239"
2017,荤惑备,饱过悼,配,10,林富,"65,454"
2017,荤惑备,饱过悼,配,11,林富,"70,338"
2017,荤惑备,饱过悼,配,12,林富,"67,168"
2016,吝备,巢器悼,老,1,林富,"49,007"
2016,吝备,巢器悼,老,2,林富,"237,300"
2016,吝备,巢器悼,老,3,林富,"231,770"
2016,吝备,巢器悼,老,4,林富,"230,269"
2016,吝备,巢器悼,老,5,林富,"223,148"
2016,吝备,巢器悼,老,6,林富,"228,200"
2016,吝备,巢器悼,老,7,林富,"50,270"
2016,吝备,巢器悼,老,8,林富,"52,450"
2016,吝备,巢器悼,老,9,林富,"52,914"
2016,吝备,巢器悼,老,10,林富,"53,735"
2016,吝备,巢器悼,老,11,林富,"54,221"
2016,吝备,巢器悼,老,12,林富,"66,853"
2016,吝备,巢器悼,岿,1,林吝,"19,364"
2016,吝备,巢器悼,岿,2,林吝,"96,850"
2016,吝备,巢器悼,岿,3,林吝,"104,803"
2016,吝备,巢器悼,岿,4,林吝,"105,404"
2016,吝备,巢器悼,岿,5,林吝,"104,120"
2016,吝备,巢器悼,岿,6,林吝,"109,937"
2016,吝备,巢器悼,岿,7,林吝,"23,339"
2016,吝备,巢器悼,岿,8,林吝,"26,232"
2016,吝备,巢器悼,岿,9,林吝,"25,301"
2016,吝备,巢器悼,岿,10,林吝,"26,297"
2016,吝备,巢器悼,岿,11,林吝,"26,015"
2016,吝备,巢器悼,岿,12,林吝,"28,603"
2016,吝备,巢器悼,荐,1,林吝,"20,717"
2016,吝备,巢器悼,荐,2,林吝,"111,297"
2016,吝备,巢器悼,荐,3,林吝,"99,703"
2016,吝备,巢器悼,荐,4,林吝,"109,109"
2016,吝备,巢器悼,荐,5,林吝,"107,939"
2016,吝备,巢器悼,荐,6,林吝,"102,600"
2016,吝备,巢器悼,荐,7,林吝,"24,667"
2016,吝备,巢器悼,荐,8,林吝,"25,170"
2016,吝备,巢器悼,荐,9,林吝,"25,753"
2016,吝备,巢器悼,荐,10,林吝,"26,144"
2016,吝备,巢器悼,荐,11,林吝,"25,667"
2016,吝备,巢器悼,荐,12,林吝,"28,887"
2016,吝备,巢器悼,格,1,林吝,"19,997"
2016,吝备,巢器悼,格,2,林吝,"103,039"
2016,吝备,巢器悼,格,3,林吝,"101,161"
2016,吝备,巢器悼,格,4,林吝,"107,464"
2016,吝备,巢器悼,格,5,林吝,"120,033"
2016,吝备,巢器悼,格,6,林吝,"103,696"
2016,吝备,巢器悼,格,7,林吝,"24,601"
2016,吝备,巢器悼,格,8,林吝,"24,936"
2016,吝备,巢器悼,格,9,林吝,"25,734"
2016,吝备,巢器悼,格,10,林吝,"26,236"
2016,吝备,巢器悼,格,11,林吝,"25,167"
2016,吝备,巢器悼,格,12,林吝,"29,208"
2016,吝备,巢器悼,陛,1,林吝,"22,646"
2016,吝备,巢器悼,陛,2,林吝,"110,516"
2016,吝备,巢器悼,陛,3,林吝,"100,696"
2016,吝备,巢器悼,陛,4,林吝,"113,420"
2016,吝备,巢器悼,陛,5,林吝,"121,189"
2016,吝备,巢器悼,陛,6,林吝,"105,038"
2016,吝备,巢器悼,陛,7,林吝,"24,502"
2016,吝备,巢器悼,陛,8,林吝,"26,067"
2016,吝备,巢器悼,陛,9,林吝,"26,202"
2016,吝备,巢器悼,陛,10,林吝,"26,433"
2016,吝备,巢器悼,陛,11,林吝,"26,261"
2016,吝备,巢器悼,陛,12,林吝,"30,890"
2016,吝备,巢器悼,配,1,林富,"28,236"
2016,吝备,巢器悼,配,2,林富,"128,853"
2016,吝备,巢器悼,配,3,林富,"129,168"
2016,吝备,巢器悼,配,4,林富,"122,380"
2016,吝备,巢器悼,配,5,林富,"129,844"
2016,吝备,巢器悼,配,6,林富,"118,384"
2016,吝备,巢器悼,配,7,林富,"25,882"
2016,吝备,巢器悼,配,8,林富,"27,733"
2016,吝备,巢器悼,配,9,林富,"26,497"
2016,吝备,巢器悼,配,10,林富,"28,255"
2016,吝备,巢器悼,配,11,林富,"28,778"
2016,吝备,巢器悼,配,12,林富,"38,778"
2016,何魂柳备,何傈力1悼,老,1,林富,"32,866"
2016,何魂柳备,何傈力1悼,老,2,林富,"97,738"
2016,何魂柳备,何傈力1悼,老,3,林富,"104,588"
2016,何魂柳备,何傈力1悼,老,4,林富,"100,844"
2016,何魂柳备,何傈力1悼,老,5,林富,"100,507"
2016,何魂柳备,何傈力1悼,老,6,林富,"103,592"
2016,何魂柳备,何傈力1悼,老,7,林富,"64,437"
2016,何魂柳备,何傈力1悼,老,8,林富,"68,212"
2016,何魂柳备,何傈力1悼,老,9,林富,"76,487"
2016,何魂柳备,何傈力1悼,老,10,林富,"76,928"
2016,何魂柳备,何傈力1悼,老,11,林富,"79,500"
2016,何魂柳备,何傈力1悼,老,12,林富,"64,037"
2016,何魂柳备,何傈力1悼,岿,1,林吝,"16,146"
2016,何魂柳备,何傈力1悼,岿,2,林吝,"47,439"
2016,何魂柳备,何傈力1悼,岿,3,林吝,"55,380"
2016,何魂柳备,何傈力1悼,岿,4,林吝,"52,563"
2016,何魂柳备,何傈力1悼,岿,5,林吝,"52,939"
2016,何魂柳备,何傈力1悼,岿,6,林吝,"53,937"
2016,何魂柳备,何傈力1悼,岿,7,林吝,"32,714"
2016,何魂柳备,何傈力1悼,岿,8,林吝,"35,124"
2016,何魂柳备,何傈力1悼,岿,9,林吝,"39,246"
2016,何魂柳备,何傈力1悼,岿,10,林吝,"38,445"
2016,何魂柳备,何傈力1悼,岿,11,林吝,"40,089"
2016,何魂柳备,何傈力1悼,岿,12,林吝,"34,052"
2016,何魂柳备,何傈力1悼,荐,1,林吝,"17,132"
2016,何魂柳备,何傈力1悼,荐,2,林吝,"51,639"
2016,何魂柳备,何傈力1悼,荐,3,林吝,"53,840"
2016,何魂柳备,何傈力1悼,荐,4,林吝,"52,577"
2016,何魂柳备,何傈力1悼,荐,5,林吝,"53,677"
2016,何魂柳备,何傈力1悼,荐,6,林吝,"54,041"
2016,何魂柳备,何傈力1悼,荐,7,林吝,"34,110"
2016,何魂柳备,何傈力1悼,荐,8,林吝,"35,161"
2016,何魂柳备,何傈力1悼,荐,9,林吝,"37,907"
2016,何魂柳备,何傈力1悼,荐,10,林吝,"39,083"
2016,何魂柳备,何傈力1悼,荐,11,林吝,"39,620"
2016,何魂柳备,何傈力1悼,荐,12,林吝,"33,093"
2016,何魂柳备,何傈力1悼,格,1,林吝,"16,943"
2016,何魂柳备,何傈力1悼,格,2,林吝,"53,350"
2016,何魂柳备,何傈力1悼,格,3,林吝,"55,375"
2016,何魂柳备,何傈力1悼,格,4,林吝,"53,965"
2016,何魂柳备,何傈力1悼,格,5,林吝,"55,482"
2016,何魂柳备,何傈力1悼,格,6,林吝,"54,060"
2016,何魂柳备,何傈力1悼,格,7,林吝,"33,964"
2016,何魂柳备,何傈力1悼,格,8,林吝,"34,889"
2016,何魂柳备,何傈力1悼,格,9,林吝,"36,917"
2016,何魂柳备,何傈力1悼,格,10,林吝,"39,926"
2016,何魂柳备,何傈力1悼,格,11,林吝,"39,428"
2016,何魂柳备,何傈力1悼,格,12,林吝,"33,616"
2016,何魂柳备,何傈力1悼,陛,1,林吝,"16,074"
2016,何魂柳备,何傈力1悼,陛,2,林吝,"57,448"
2016,何魂柳备,何傈力1悼,陛,3,林吝,"55,529"
2016,何魂柳备,何傈力1悼,陛,4,林吝,"54,892"
2016,何魂柳备,何傈力1悼,陛,5,林吝,"56,652"
2016,何魂柳备,何傈力1悼,陛,6,林吝,"54,927"
2016,何魂柳备,何傈力1悼,陛,7,林吝,"34,315"
2016,何魂柳备,何傈力1悼,陛,8,林吝,"36,770"
2016,何魂柳备,何傈力1悼,陛,9,林吝,"38,266"
2016,何魂柳备,何傈力1悼,陛,10,林吝,"40,296"
2016,何魂柳备,何傈力1悼,陛,11,林吝,"41,189"
2016,何魂柳备,何傈力1悼,陛,12,林吝,"34,876"
2016,何魂柳备,何傈力1悼,配,1,林富,"17,053"
2016,何魂柳备,何傈力1悼,配,2,林富,"54,660"
2016,何魂柳备,何傈力1悼,配,3,林富,"56,380"
2016,何魂柳备,何傈力1悼,配,4,林富,"51,664"
2016,何魂柳备,何傈力1悼,配,5,林富,"53,569"
2016,何魂柳备,何傈力1悼,配,6,林富,"53,719"
2016,何魂柳备,何傈力1悼,配,7,林富,"33,167"
2016,何魂柳备,何傈力1悼,配,8,林富,"36,482"
2016,何魂柳备,何傈力1悼,配,9,林富,"39,416"
2016,何魂柳备,何傈力1悼,配,10,林富,"41,260"
2016,何魂柳备,何傈力1悼,配,11,林富,"44,034"
2016,何魂柳备,何傈力1悼,配,12,林富,"34,611"
2016,何魂柳备,何傈力2悼,老,1,林富,"66,567"
2016,何魂柳备,何傈力2悼,老,2,林富,"180,993"
2016,何魂柳备,何傈力2悼,老,3,林富,"177,668"
2016,何魂柳备,何傈力2悼,老,4,林富,"165,938"
2016,何魂柳备,何傈力2悼,老,5,林富,"166,451"
2016,何魂柳备,何傈力2悼,老,6,林富,"171,141"
2016,何魂柳备,何傈力2悼,老,7,林富,"127,348"
2016,何魂柳备,何傈力2悼,老,8,林富,"139,046"
2016,何魂柳备,何傈力2悼,老,9,林富,"141,626"
2016,何魂柳备,何傈力2悼,老,10,林富,"139,416"
2016,何魂柳备,何傈力2悼,老,11,林富,"141,154"
2016,何魂柳备,何傈力2悼,老,12,林富,"163,621"
2016,何魂柳备,何傈力2悼,岿,1,林吝,"29,090"
2016,何魂柳备,何傈力2悼,岿,2,林吝,"77,004"
2016,何魂柳备,何傈力2悼,岿,3,林吝,"78,442"
2016,何魂柳备,何傈力2悼,岿,4,林吝,"73,975"
2016,何魂柳备,何傈力2悼,岿,5,林吝,"74,719"
2016,何魂柳备,何傈力2悼,岿,6,林吝,"79,480"
2016,何魂柳备,何傈力2悼,岿,7,林吝,"58,784"
2016,何魂柳备,何傈力2悼,岿,8,林吝,"66,852"
2016,何魂柳备,何傈力2悼,岿,9,林吝,"68,487"
2016,何魂柳备,何傈力2悼,岿,10,林吝,"65,868"
2016,何魂柳备,何傈力2悼,岿,11,林吝,"66,670"
2016,何魂柳备,何傈力2悼,岿,12,林吝,"73,462"
2016,何魂柳备,何傈力2悼,荐,1,林吝,"31,561"
2016,何魂柳备,何傈力2悼,荐,2,林吝,"89,492"
2016,何魂柳备,何傈力2悼,荐,3,林吝,"78,749"
2016,何魂柳备,何傈力2悼,荐,4,林吝,"79,399"
2016,何魂柳备,何傈力2悼,荐,5,林吝,"81,092"
2016,何魂柳备,何傈力2悼,荐,6,林吝,"79,414"
2016,何魂柳备,何傈力2悼,荐,7,林吝,"63,486"
2016,何魂柳备,何傈力2悼,荐,8,林吝,"66,788"
2016,何魂柳备,何傈力2悼,荐,9,林吝,"67,449"
2016,何魂柳备,何傈力2悼,荐,10,林吝,"67,298"
2016,何魂柳备,何傈力2悼,荐,11,林吝,"67,422"
2016,何魂柳备,何傈力2悼,荐,12,林吝,"74,647"
2016,何魂柳备,何傈力2悼,格,1,林吝,"31,526"
2016,何魂柳备,何傈力2悼,格,2,林吝,"87,029"
2016,何魂柳备,何傈力2悼,格,3,林吝,"82,420"
2016,何魂柳备,何傈力2悼,格,4,林吝,"79,562"
2016,何魂柳备,何傈力2悼,格,5,林吝,"87,904"
2016,何魂柳备,何傈力2悼,格,6,林吝,"81,761"
2016,何魂柳备,何傈力2悼,格,7,林吝,"63,716"
2016,何魂柳备,何傈力2悼,格,8,林吝,"67,060"
2016,何魂柳备,何傈力2悼,格,9,林吝,"66,782"
2016,何魂柳备,何傈力2悼,格,10,林吝,"69,289"
2016,何魂柳备,何傈力2悼,格,11,林吝,"67,644"
2016,何魂柳备,何傈力2悼,格,12,林吝,"76,062"
2016,何魂柳备,何傈力2悼,陛,1,林吝,"32,614"
2016,何魂柳备,何傈力2悼,陛,2,林吝,"98,421"
2016,何魂柳备,何傈力2悼,陛,3,林吝,"87,364"
2016,何魂柳备,何傈力2悼,陛,4,林吝,"87,780"
2016,何魂柳备,何傈力2悼,陛,5,林吝,"95,409"
2016,何魂柳备,何傈力2悼,陛,6,林吝,"87,498"
2016,何魂柳备,何傈力2悼,陛,7,林吝,"65,717"
2016,何魂柳备,何傈力2悼,陛,8,林吝,"72,693"
2016,何魂柳备,何傈力2悼,陛,9,林吝,"73,320"
2016,何魂柳备,何傈力2悼,陛,10,林吝,"72,359"
2016,何魂柳备,何傈力2悼,陛,11,林吝,"72,407"
2016,何魂柳备,何傈力2悼,陛,12,林吝,"84,857"
2016,何魂柳备,何傈力2悼,配,1,林富,"38,784"
2016,何魂柳备,何傈力2悼,配,2,林富,"107,208"
2016,何魂柳备,何傈力2悼,配,3,林富,"105,792"
2016,何魂柳备,何傈力2悼,配,4,林富,"95,744"
2016,何魂柳备,何傈力2悼,配,5,林富,"99,489"
2016,何魂柳备,何傈力2悼,配,6,林富,"95,826"
2016,何魂柳备,何傈力2悼,配,7,林富,"69,316"
2016,何魂柳备,何傈力2悼,配,8,林富,"77,478"
2016,何魂柳备,何傈力2悼,配,9,林富,"79,634"
2016,何魂柳备,何傈力2悼,配,10,林富,"78,834"
2016,何魂柳备,何傈力2悼,配,11,林富,"83,175"
2016,何魂柳备,何傈力2悼,配,12,林富,"96,434"
2016,秦款措备,快力1悼,老,1,林富,"47,828"
2016,秦款措备,快力1悼,老,2,林富,"35,956"
2016,秦款措备,快力1悼,老,3,林富,"35,314"
2016,秦款措备,快力1悼,老,4,林富,"34,610"
2016,秦款措备,快力1悼,老,5,林富,"35,796"
2016,秦款措备,快力1悼,老,6,林富,"40,473"
2016,秦款措备,快力1悼,老,7,林富,"128,108"
2016,秦款措备,快力1悼,老,8,林富,"128,264"
2016,秦款措备,快力1悼,老,9,林富,"104,263"
2016,秦款措备,快力1悼,老,10,林富,"105,557"
2016,秦款措备,快力1悼,老,11,林富,"110,735"
2016,秦款措备,快力1悼,老,12,林富,"130,000"
2016,秦款措备,快力1悼,岿,1,林吝,"22,083"
2016,秦款措备,快力1悼,岿,2,林吝,"16,893"
2016,秦款措备,快力1悼,岿,3,林吝,"16,216"
2016,秦款措备,快力1悼,岿,4,林吝,"15,906"
2016,秦款措备,快力1悼,岿,5,林吝,"16,404"
2016,秦款措备,快力1悼,岿,6,林吝,"18,806"
2016,秦款措备,快力1悼,岿,7,林吝,"55,487"
2016,秦款措备,快力1悼,岿,8,林吝,"61,237"
2016,秦款措备,快力1悼,岿,9,林吝,"50,455"
2016,秦款措备,快力1悼,岿,10,林吝,"49,874"
2016,秦款措备,快力1悼,岿,11,林吝,"50,541"
2016,秦款措备,快力1悼,岿,12,林吝,"61,907"
2016,秦款措备,快力1悼,荐,1,林吝,"23,934"
2016,秦款措备,快力1悼,荐,2,林吝,"17,331"
2016,秦款措备,快力1悼,荐,3,林吝,"16,413"
2016,秦款措备,快力1悼,荐,4,林吝,"17,092"
2016,秦款措备,快力1悼,荐,5,林吝,"16,946"
2016,秦款措备,快力1悼,荐,6,林吝,"18,559"
2016,秦款措备,快力1悼,荐,7,林吝,"59,600"
2016,秦款措备,快力1悼,荐,8,林吝,"57,886"
2016,秦款措备,快力1悼,荐,9,林吝,"50,861"
2016,秦款措备,快力1悼,荐,10,林吝,"52,845"
2016,秦款措备,快力1悼,荐,11,林吝,"51,758"
2016,秦款措备,快力1悼,荐,12,林吝,"62,041"
2016,秦款措备,快力1悼,格,1,林吝,"23,825"
2016,秦款措备,快力1悼,格,2,林吝,"17,143"
2016,秦款措备,快力1悼,格,3,林吝,"16,869"
2016,秦款措备,快力1悼,格,4,林吝,"16,921"
2016,秦款措备,快力1悼,格,5,林吝,"18,667"
2016,秦款措备,快力1悼,格,6,林吝,"18,403"
2016,秦款措备,快力1悼,格,7,林吝,"60,098"
2016,秦款措备,快力1悼,格,8,林吝,"58,669"
2016,秦款措备,快力1悼,格,9,林吝,"52,517"
2016,秦款措备,快力1悼,格,10,林吝,"52,994"
2016,秦款措备,快力1悼,格,11,林吝,"52,951"
2016,秦款措备,快力1悼,格,12,林吝,"62,371"
2016,秦款措备,快力1悼,陛,1,林吝,"25,043"
2016,秦款措备,快力1悼,陛,2,林吝,"18,300"
2016,秦款措备,快力1悼,陛,3,林吝,"16,850"
2016,秦款措备,快力1悼,陛,4,林吝,"16,944"
2016,秦款措备,快力1悼,陛,5,林吝,"18,943"
2016,秦款措备,快力1悼,陛,6,林吝,"19,179"
2016,秦款措备,快力1悼,陛,7,林吝,"60,256"
2016,秦款措备,快力1悼,陛,8,林吝,"61,270"
2016,秦款措备,快力1悼,陛,9,林吝,"52,861"
2016,秦款措备,快力1悼,陛,10,林吝,"52,732"
2016,秦款措备,快力1悼,陛,11,林吝,"54,737"
2016,秦款措备,快力1悼,陛,12,林吝,"63,808"
2016,秦款措备,快力1悼,配,1,林富,"25,482"
2016,秦款措备,快力1悼,配,2,林富,"18,682"
2016,秦款措备,快力1悼,配,3,林富,"18,796"
2016,秦款措备,快力1悼,配,4,林富,"18,241"
2016,秦款措备,快力1悼,配,5,林富,"20,022"
2016,秦款措备,快力1悼,配,6,林富,"21,059"
2016,秦款措备,快力1悼,配,7,林富,"66,356"
2016,秦款措备,快力1悼,配,8,林富,"68,243"
2016,秦款措备,快力1悼,配,9,林富,"56,690"
2016,秦款措备,快力1悼,配,10,林富,"57,380"
2016,秦款措备,快力1悼,配,11,林富,"61,761"
2016,秦款措备,快力1悼,配,12,林富,"70,396"
2016,秦款措备,快力2悼,老,1,林富,"56,206"
2016,秦款措备,快力2悼,老,2,林富,"48,012"
2016,秦款措备,快力2悼,老,3,林富,"51,529"
2016,秦款措备,快力2悼,老,4,林富,"48,055"
2016,秦款措备,快力2悼,老,5,林富,"48,812"
2016,秦款措备,快力2悼,老,6,林富,"53,558"
2016,秦款措备,快力2悼,老,7,林富,"129,115"
2016,秦款措备,快力2悼,老,8,林富,"134,175"
2016,秦款措备,快力2悼,老,9,林富,"119,725"
2016,秦款措备,快力2悼,老,10,林富,"122,135"
2016,秦款措备,快力2悼,老,11,林富,"125,163"
2016,秦款措备,快力2悼,老,12,林富,"158,215"
2016,秦款措备,快力2悼,岿,1,林吝,"25,832"
2016,秦款措备,快力2悼,岿,2,林吝,"21,866"
2016,秦款措备,快力2悼,岿,3,林吝,"22,212"
2016,秦款措备,快力2悼,岿,4,林吝,"20,944"
2016,秦款措备,快力2悼,岿,5,林吝,"21,378"
2016,秦款措备,快力2悼,岿,6,林吝,"23,600"
2016,秦款措备,快力2悼,岿,7,林吝,"55,882"
2016,秦款措备,快力2悼,岿,8,林吝,"62,847"
2016,秦款措备,快力2悼,岿,9,林吝,"56,902"
2016,秦款措备,快力2悼,岿,10,林吝,"56,904"
2016,秦款措备,快力2悼,岿,11,林吝,"56,005"
2016,秦款措备,快力2悼,岿,12,林吝,"71,422"
2016,秦款措备,快力2悼,荐,1,林吝,"28,265"
2016,秦款措备,快力2悼,荐,2,林吝,"23,736"
2016,秦款措备,快力2悼,荐,3,林吝,"22,597"
2016,秦款措备,快力2悼,荐,4,林吝,"23,402"
2016,秦款措备,快力2悼,荐,5,林吝,"22,966"
2016,秦款措备,快力2悼,荐,6,林吝,"23,676"
2016,秦款措备,快力2悼,荐,7,林吝,"60,778"
2016,秦款措备,快力2悼,荐,8,林吝,"64,462"
2016,秦款措备,快力2悼,荐,9,林吝,"55,823"
2016,秦款措备,快力2悼,荐,10,林吝,"61,599"
2016,秦款措备,快力2悼,荐,11,林吝,"59,011"
2016,秦款措备,快力2悼,荐,12,林吝,"71,479"
2016,秦款措备,快力2悼,格,1,林吝,"28,786"
2016,秦款措备,快力2悼,格,2,林吝,"24,175"
2016,秦款措备,快力2悼,格,3,林吝,"24,603"
2016,秦款措备,快力2悼,格,4,林吝,"23,090"
2016,秦款措备,快力2悼,格,5,林吝,"25,632"
2016,秦款措备,快力2悼,格,6,林吝,"24,196"
2016,秦款措备,快力2悼,格,7,林吝,"61,119"
2016,秦款措备,快力2悼,格,8,林吝,"64,735"
2016,秦款措备,快力2悼,格,9,林吝,"58,599"
2016,秦款措备,快力2悼,格,10,林吝,"63,832"
2016,秦款措备,快力2悼,格,11,林吝,"61,334"
2016,秦款措备,快力2悼,格,12,林吝,"73,177"
2016,秦款措备,快力2悼,陛,1,林吝,"27,517"
2016,秦款措备,快力2悼,陛,2,林吝,"25,579"
2016,秦款措备,快力2悼,陛,3,林吝,"24,685"
2016,秦款措备,快力2悼,陛,4,林吝,"23,714"
2016,秦款措备,快力2悼,陛,5,林吝,"25,124"
2016,秦款措备,快力2悼,陛,6,林吝,"25,753"
2016,秦款措备,快力2悼,陛,7,林吝,"61,878"
2016,秦款措备,快力2悼,陛,8,林吝,"66,377"
2016,秦款措备,快力2悼,陛,9,林吝,"61,950"
2016,秦款措备,快力2悼,陛,10,林吝,"62,884"
2016,秦款措备,快力2悼,陛,11,林吝,"63,950"
2016,秦款措备,快力2悼,陛,12,林吝,"76,102"
2016,秦款措备,快力2悼,配,1,林富,"28,889"
2016,秦款措备,快力2悼,配,2,林富,"25,401"
2016,秦款措备,快力2悼,配,3,林富,"27,512"
2016,秦款措备,快力2悼,配,4,林富,"24,441"
2016,秦款措备,快力2悼,配,5,林富,"26,102"
2016,秦款措备,快力2悼,配,6,林富,"27,174"
2016,秦款措备,快力2悼,配,7,林富,"67,628"
2016,秦款措备,快力2悼,配,8,林富,"67,415"
2016,秦款措备,快力2悼,配,9,林富,"64,268"
2016,秦款措备,快力2悼,配,10,林富,"63,966"
2016,秦款措备,快力2悼,配,11,林富,"69,125"
2016,秦款措备,快力2悼,配,12,林富,"83,729"
2016,荤惑备,饱过悼,老,1,林富,"35,409"
2016,荤惑备,饱过悼,老,2,林富,"35,126"
2016,荤惑备,饱过悼,老,3,林富,"34,916"
2016,荤惑备,饱过悼,老,4,林富,"35,615"
2016,荤惑备,饱过悼,老,5,林富,"36,173"
2016,荤惑备,饱过悼,老,6,林富,"35,254"
2016,荤惑备,饱过悼,老,7,林富,"97,232"
2016,荤惑备,饱过悼,老,8,林富,"98,690"
2016,荤惑备,饱过悼,老,9,林富,"103,440"
2016,荤惑备,饱过悼,老,10,林富,"104,089"
2016,荤惑备,饱过悼,老,11,林富,"105,978"
2016,荤惑备,饱过悼,老,12,林富,"84,226"
2016,荤惑备,饱过悼,岿,1,林吝,"17,125"
2016,荤惑备,饱过悼,岿,2,林吝,"18,037"
2016,荤惑备,饱过悼,岿,3,林吝,"17,122"
2016,荤惑备,饱过悼,岿,4,林吝,"16,745"
2016,荤惑备,饱过悼,岿,5,林吝,"17,189"
2016,荤惑备,饱过悼,岿,6,林吝,"17,527"
2016,荤惑备,饱过悼,岿,7,林吝,"46,999"
2016,荤惑备,饱过悼,岿,8,林吝,"49,031"
2016,荤惑备,饱过悼,岿,9,林吝,"52,566"
2016,荤惑备,饱过悼,岿,10,林吝,"51,637"
2016,荤惑备,饱过悼,岿,11,林吝,"53,261"
2016,荤惑备,饱过悼,岿,12,林吝,"40,323"
2016,荤惑备,饱过悼,荐,1,林吝,"18,311"
2016,荤惑备,饱过悼,荐,2,林吝,"17,661"
2016,荤惑备,饱过悼,荐,3,林吝,"17,258"
2016,荤惑备,饱过悼,荐,4,林吝,"17,651"
2016,荤惑备,饱过悼,荐,5,林吝,"17,951"
2016,荤惑备,饱过悼,荐,6,林吝,"18,002"
2016,荤惑备,饱过悼,荐,7,林吝,"49,520"
2016,荤惑备,饱过悼,荐,8,林吝,"49,714"
2016,荤惑备,饱过悼,荐,9,林吝,"52,642"
2016,荤惑备,饱过悼,荐,10,林吝,"54,471"
2016,荤惑备,饱过悼,荐,11,林吝,"53,931"
2016,荤惑备,饱过悼,荐,12,林吝,"40,497"
2016,荤惑备,饱过悼,格,1,林吝,"17,894"
2016,荤惑备,饱过悼,格,2,林吝,"17,207"
2016,荤惑备,饱过悼,格,3,林吝,"17,584"
2016,荤惑备,饱过悼,格,4,林吝,"17,251"
2016,荤惑备,饱过悼,格,5,林吝,"18,536"
2016,荤惑备,饱过悼,格,6,林吝,"17,402"
2016,荤惑备,饱过悼,格,7,林吝,"49,005"
2016,荤惑备,饱过悼,格,8,林吝,"49,204"
2016,荤惑备,饱过悼,格,9,林吝,"51,361"
2016,荤惑备,饱过悼,格,10,林吝,"54,115"
2016,荤惑备,饱过悼,格,11,林吝,"53,319"
2016,荤惑备,饱过悼,格,12,林吝,"40,297"
2016,荤惑备,饱过悼,陛,1,林吝,"17,757"
2016,荤惑备,饱过悼,陛,2,林吝,"18,503"
2016,荤惑备,饱过悼,陛,3,林吝,"17,449"
2016,荤惑备,饱过悼,陛,4,林吝,"17,480"
2016,荤惑备,饱过悼,陛,5,林吝,"18,656"
2016,荤惑备,饱过悼,陛,6,林吝,"17,777"
2016,荤惑备,饱过悼,陛,7,林吝,"49,959"
2016,荤惑备,饱过悼,陛,8,林吝,"52,509"
2016,荤惑备,饱过悼,陛,9,林吝,"51,299"
2016,荤惑备,饱过悼,陛,10,林吝,"54,528"
2016,荤惑备,饱过悼,陛,11,林吝,"54,592"
2016,荤惑备,饱过悼,陛,12,林吝,"41,043"
2016,荤惑备,饱过悼,配,1,林富,"17,998"
2016,荤惑备,饱过悼,配,2,林富,"18,393"
2016,荤惑备,饱过悼,配,3,林富,"17,765"
2016,荤惑备,饱过悼,配,4,林富,"17,842"
2016,荤惑备,饱过悼,配,5,林富,"17,887"
2016,荤惑备,饱过悼,配,6,林富,"17,444"
2016,荤惑备,饱过悼,配,7,林富,"49,059"
2016,荤惑备,饱过悼,配,8,林富,"52,850"
2016,荤惑备,饱过悼,配,9,林富,"51,116"
2016,荤惑备,饱过悼,配,10,林富,"53,401"
2016,荤惑备,饱过悼,配,11,林富,"54,466"
2016,荤惑备,饱过悼,配,12,林富,"43,640"
